id,url,marca,segmento,legenda,curtidas,comentarios,compartilhamentos,ctr_score,orcamento_nivel,landing,paises,n_paises,duracao_s,objetivo,fonte,industria,melhor_posicao,buscas,gancho_visual,ret_1s,ret_3s,ret_6s,ret_fim,pico_ctr_s,pico_cvr_s
7291829912355880962,https://ads.tiktok.com/business/creativecenter/topads/7291829912355880962/pc/en,Western Union Send Money Now,remessas/câmbio,Haz tu próximo envío desde nuestra app.,260875,1,10043,0.34,alto,www.westernunion.com/us/es/web/user/register,US,1,60,conversion/lead_generation,TikTok Creative Exchange,label_20106000000,1,APPFIN-US-180-ctr APPFIN-US-180-impression APPFIN-US-180-like KW-budgeting_app-US KW-finance_app-US KW-money_app-US KW-save_money-US,"""3 razones para usar la App de Western Union"" (criadora latina, rua)",45,12,5,1,"4,17,19","16,19,25"
7580361856621527041,https://ads.tiktok.com/business/creativecenter/topads/7580361856621527041/pc/en,,outros,puttin yall on,147547,1157,19,0.19,alto,www.pubtrack.co/F37CCPC/4F4939M/,US,1,8,conversion/lead_generation,Others,label_13102000000,2,FIN-US-180-impression FIN-US-180-like,"""in your 20s there will be a way to pay $60 in car insurance... it's very important you take 7 minutes to do the method and save $$$""",64,32,10,5,1,
7395857487952445456,https://ads.tiktok.com/business/creativecenter/topads/7395857487952445456/pc/en,UATAS: Pinjaman Uang Online,adiantamento/empréstimo,Pinjaman Uang Online,146616,206,188,0.39,alto,www.uatas.id/tiktok,ID/MX,2,22,conversion,Others,label_20106000000,2,APPFIN-MX-180-ctr APPFIN-MX-180-impression APPFIN-MX-180-like,,,,,,,
7591348526296875009,https://ads.tiktok.com/business/creativecenter/topads/7591348526296875009/pc/en,,investimento/aposentadoria,Grow Faster with TikTok Promote Learn how a small investment on Promote can benefit your growth today!   #TikTokForBusiness #TikTokForSmallBusiness #GrowWithPromote,123781,12108,5744,0.21,alto,www.tiktok.com/promote/web/main,NZ/ZA/MY/KR/AU/SG/IL/MX/PH/CA/ID/UA/NL/CH/AE/FR/IE/GR/SA/DK/GB/PL/DE/ES/PT/FI/BE/IT/US,29,31,conversion,Others,label_24112000000,1,KW-budget-GB KW-budget-US,,,,,,,
7324706967334584321,https://ads.tiktok.com/business/creativecenter/topads/7324706967334584321/pc/en,Skycop - flight delay compensation claim,seguros/indenizações,"Skycop handles compensation claims for delayed, cancelled or overbooked flights",97202,395,1459,0.31,alto,www.skycop.com/it/,US/AT/FI/RO/GB/DE/HU/CZ/PT/DK/BE/PL/NO/GR/SE/CH/NL/IT/FR/IE/ES/SI/HR/LV/LT/SK/RS/CY/EE/TR/BG/IL/CR,33,18,lead_generation/conversion,Others,label_13102000000,3,FIN-GB-180-impression FIN-GB-180-like FIN-US-180-impression FIN-US-180-like,,,,,,,
7561447376541499400,https://ads.tiktok.com/business/creativecenter/topads/7561447376541499400/pc/en,Financial Conduct Authority,seguros/indenizações,Start your car finance claim now. No claims company needed - get the facts from the FCA,93676,216,662,0.27,alto,www.fca.org.uk/consumers/car-finance-complaints,GB,1,15,traffic,TikTok Ads Manager,label_13102000000,1,FIN-GB-180-impression FIN-GB-180-like,,,,,,,
7393090829098909712,https://ads.tiktok.com/business/creativecenter/topads/7393090829098909712/pc/en,Claim_Climbers-Nexus_Letters,seguros/indenizações,Get #serviceconnected withe a #nexusletter from Claim Climbers now! Olivia and the rest of our team are ready to help you today! #veteran #veterans #veteransbenefits #veteranbenefits #vadisability #vadisabilityhelp #vadisabilityrating #vadisabilityclaims #military #militarylife #militarytiktok #fyp #fypage,90321,342,195,0.36,alto,www.tiktok.com/share/user/7360847918947370027,US,1,27,reach/lead_generation/traffic/conversion,Others,label_13102000000,6,FIN-US-180-impression FIN-US-180-like,,,,,,,
7502725974679011345,https://ads.tiktok.com/business/creativecenter/topads/7502725974679011345/pc/en,,orçamento/planilha/controle de gastos,TuDinero es la herramienta que necesitas para llegar a fin de mes. 🧠📊 *Una plantilla en Google Sheets que te organiza TODO* ✅ Registro automático de ingresos y gastos ✅ Análisis mensual con gráficos ✅ Metas de ahorro personalizadas ✅ Detección de fugas de dinero ✅ Planificación financiera mensual 🎁 ¡Y llévate 3 regalos complementarios! #PlantillaFinanciera #GoogleSheets #FinanzasPersonales #OrganizaTuDinero #AhorraInteligente,84312,448,968,0.2,alto,www.plantilleate.com/tu-dinero,CR/UY/PR/PY/CO/MX/AR/CL/EC/PE/BR/DO/GT/PA/BO,15,18,conversion,Others,label_20106000000,5,APPFIN-MX-180-ctr APPFIN-MX-180-impression APPFIN-MX-180-like,"Tela de planilha Google Sheets ""Ingresos/Ahorro e inversión"" + ""Hasta que decidí cambiar de excusa 🥰""",65,38,8,2,"1,8,14","10,13"
7615384718679785480,https://ads.tiktok.com/business/creativecenter/topads/7615384718679785480/pc/en,,impostos/restituição,El SAT te debe dinero de los últimos 5 años Y la mayoría ni se entera. Revisa cuánto te debe gratis,79851,472,7288,0.29,alto,app.taxdown.com.mx/login,MX/ES,2,15,conversion,TikTok Ads Manager,label_20106000000,14,APPFIN-ES-180-ctr APPFIN-ES-180-impression APPFIN-ES-180-like APPFIN-MX-180-ctr APPFIN-MX-180-impression APPFIN-MX-180-like,"Mulher com celular na rua (TaxDown) — ""El SAT te debe dinero de los últimos 5 años""",28,12,6,3,"1,8,11","8,11"
7493536276417331208,https://ads.tiktok.com/business/creativecenter/topads/7493536276417331208/pc/en,KOHO Financial,adiantamento/empréstimo,"Need cash now? Get up to $250 with no interest, and pay it back on payday. ",76154,1523,1183,0.34,alto,www.koho.ca/cover/paid/tiktok,CA,1,21,lead_generation/conversion,TikTok Ads Manager,label_13108000000,1,FIN-CA-180-impression FIN-CA-180-like,"Mãos contando notas de dólar canadense: ""Need a little buffer before payday?""",15,5,3,1,"2,9,14","8,14,18"
7416335667549044754,https://ads.tiktok.com/business/creativecenter/topads/7416335667549044754/pc/en,Uber Eats: Food Delivery,impostos/restituição,$10 off your first order when you spend $30 or more. Use code: AU36JCD. Terms apply.,70172,572,296,0.33,alto,www.ubereats.com/en-US/,CA/AU/US/GB,4,10,product_sales/traffic,TikTok Ads Manager,label_20107000000,6,KW-money_app-GB KW-spending-GB KW-spending-US,,,,,,,
7293415163062370305,https://ads.tiktok.com/business/creativecenter/topads/7293415163062370305/pc/en,thetaxfirm,dívida/quitação,See If You Qualify to Reduce Your IRS Debt Today,68832,2062,14039,0.3,alto,www.settlemytaxnowhelp.com/calculator/,US,1,34,lead_generation/traffic,TikTok Ads Manager,label_23102000000,4,KW-debt-US,,,,,,,
7484289982728929287,https://ads.tiktok.com/business/creativecenter/topads/7484289982728929287/pc/en,joinmettle,banco/conta digital,Got a business idea? Our Mettle mobile business account gives you the support you need.,63049,311,395,0.38,alto,www.mettle.co.uk/,GB,1,15,traffic/video_view,Others,label_13100000000,2,FIN-GB-180-impression FIN-GB-180-like,Close de criadora (Mettle conta PJ),17,7,4,2,"1,10,12",
7216789908089749505,https://ads.tiktok.com/business/creativecenter/topads/7216789908089749505/pc/en,,dívida/quitação,best day ever 🫶🏻🫶🏻 #creditcarddebt #financialliteracy #moneytips #debt ,62494,515,218,0.15,alto,www.gauss.money/,US,1,6,app_install/conversion/traffic,Others,label_20106000000,9,APPFIN-US-180-ctr APPFIN-US-180-impression APPFIN-US-180-like,"I JUST PAID OFF $6,000 WORTH OF CREDIT CARD DEBT IN MINUTES 😮‍💨 thank you Gauss (selfie no carro)",46,14,4,4,,"1,3"
7320661569808269313,https://ads.tiktok.com/business/creativecenter/topads/7320661569808269313/pc/en,,outros,5 reasons to pick @NapoPet for your furry friend 🐶🐱🐾 #dachshund #puppy ,54990,910,599,0.32,alto,www.napo.pet/,GB,1,20,lead_generation,Others,label_13102000000,9,FIN-GB-180-impression FIN-GB-180-like,,,,,,,
7502141351971733522,https://ads.tiktok.com/business/creativecenter/topads/7502141351971733522/pc/en,Coinbase,outros,The future of money is here,51978,1500,722,0.93,alto,,US,1,30,video_view,TikTok Ads Manager,label_23102000000,34,KW-save_money-US,,,,,,,
7534816625020305416,https://ads.tiktok.com/business/creativecenter/topads/7534816625020305416/pc/en,SoFi,dívida/quitação,Looking to consolidate your high-interest debt? Check out your rate with SoFi!,50558,1413,2289,0.3,alto,www.sofi.com/atr/p/v1/c,US/PR,2,37,lead_generation,TikTok Ads Manager,label_13109000000,1,FIN-US-180-impression FIN-US-180-like KW-credit_score-US KW-debt-US,"Criadora em frente a quadro branco ""Paying Down Credit Card Debt"" com cálculo: ""how to clean up high interest credit card debt""",30,7,4,1,"2,5,9","2,9,35"
7354073965441777681,https://ads.tiktok.com/business/creativecenter/topads/7354073965441777681/pc/en,Skycop - flight delay compensation claim,seguros/indenizações,Quel volo cancellato o ritardato potrebbe ancora farti ottenere un risarcimento,49328,360,6499,0.33,alto,www.skycop.com/it/,SE/ES/SK/FR/GB/DE/CZ/LT/AT/GR/NO/FI/LV/BG/SI/PL/IT/EE/RO/PT/IE/BE/RS/NL/DK/CY/HU/HR/CH/IL/TR,31,29,conversion/lead_generation,TikTok Ads Manager,label_13102000000,7,FIN-GB-180-impression FIN-GB-180-like,,,,,,,
7472287786575151122,https://ads.tiktok.com/business/creativecenter/topads/7472287786575151122/pc/en,Bright - Crush Your Card Debt,dívida/quitação,Get Cash Advance offers of up to $750. Multiple offers on a single App. Complete application now,47824,581,886,0.3,alto,welcome.brightmoney.co/239,US,1,15,video_view/conversion,TikTok Ads Manager,label_20106000000,1,APPFIN-US-180-ctr APPFIN-US-180-impression APPFIN-US-180-like KW-budgeting_app-US KW-cash_advance-US KW-credit_score-US KW-debt-US KW-finance_app-US KW-money_app-US KW-save_money-US,"Estático motion verde: ""Loan offers of up to $3,000 — All Credit Scores can apply"" + cartão com $3,000/$2,000/$1,000/$500",8,3,2,1,"1,6,8","6,8,12"
7573727680266289160,https://ads.tiktok.com/business/creativecenter/topads/7573727680266289160/pc/en,,seguros/indenizações,Check your eligibility today!,46353,541,2423,0.34,alto,form.refly.org/en-gb/claim,IE/NO/SE/ES/CZ/RO/DE/GR/FR/PL/IT/UA/NL/BE/GB/AT/FI/CH/DK/AE/AZ/MA/BO/VN/KH/EG/NG/BD/IL/DO/AU/TR/HU/CR/KE/DZ/GT/PT/PY/KW/IQ/BY/PH/ID/SG/KZ/PK/MY/CA/AR/UY/BH/JP/SA/OM/PA/ZA/NZ/KR/TH/LK/LB/QA/US,64,46,lead_generation,TikTok Ads Manager,label_13102000000,3,FIN-AU-180-impression FIN-AU-180-like FIN-CA-180-impression FIN-CA-180-like FIN-GB-180-impression FIN-GB-180-like FIN-US-180-impression FIN-US-180-like,,,,,,,
7293415151582953474,https://ads.tiktok.com/business/creativecenter/topads/7293415151582953474/pc/en,Tax Forgiveness ,dívida/quitação,See If You Qualify to Reduce Your IRS Debt Today,45843,2292,6170,0.35,alto,www.settlemytaxnowhelp.com/calculator/,US,1,33,lead_generation/conversion,TikTok Ads Manager,label_24113000000,5,KW-debt-US,,,,,,,
7395741831848427537,https://ads.tiktok.com/business/creativecenter/topads/7395741831848427537/pc/en,UATAS: Pinjaman Uang Online,adiantamento/empréstimo,Pinjaman Uang Online,45176,128,119,0.37,alto,www.uatas.id/tiktok,ID/MX,2,27,conversion,Others,label_20106000000,4,APPFIN-MX-180-ctr APPFIN-MX-180-impression APPFIN-MX-180-like,,,,,,,
7463062755924885505,https://ads.tiktok.com/business/creativecenter/topads/7463062755924885505/pc/en,ACE Money Transfer Send Money,remessas/câmbio,Send money online to Pakistan via ACE & get ZERO fees on your first transfer. Send now.,43698,254,201,0.43,alto,acemoneytransfer.eu.go.link/acemoneytransfer.com/send-money,LV/SK/NL/NO/CA/DE/CH/EE/DK/SI/AU/LT/GB/GR/CY/BE/AT/PL/RO/IE/FI/FR/PT/SE/IT/ES/CZ,27,27,traffic,TikTok Ads Manager,label_20106000000,25,APPFIN-AU-180-impression APPFIN-AU-180-like APPFIN-CA-180-ctr APPFIN-CA-180-impression APPFIN-CA-180-like APPFIN-DE-180-impression APPFIN-DE-180-like APPFIN-ES-180-ctr APPFIN-ES-180-impression APPFIN-ES-180-like APPFIN-FR-180-impression APPFIN-FR-180-like APPFIN-GB-180-impression APPFIN-GB-180-like,,,,,,,
7484278692363894802,https://ads.tiktok.com/business/creativecenter/topads/7484278692363894802/pc/en,natwestbusiness,banco/conta digital,More freedom to focus on what matters—building your dream business with a NatWest Start-up account.,43528,159,291,0.37,alto,www.natwest.com/business/bank-accounts/startup-bank-account.html,GB,1,15,video_view/traffic,Others,label_13100000000,4,FIN-GB-180-impression FIN-GB-180-like,,,,,,,
7531485442487943185,https://ads.tiktok.com/business/creativecenter/topads/7531485442487943185/pc/en,,investimento/aposentadoria,#usa #latinosenusa #hispanosenusa #usa🇺🇸 #investing ,43523,2547,4208,0.21,alto,www.bguniversallife.com/contacto,US,1,33,lead_generation/traffic,Others,label_13110000000,13,FIN-US-180-impression FIN-US-180-like,"""¿CUÁNTO ES LO MÍNIMO QUE NECESITAS PARA EMPEZAR A INVERTIR? Si solo tengo $5 dólares diarios"" (especialista latino)",54,23,13,3,"22,28,31","10,23,28"
7484282891490000914,https://ads.tiktok.com/business/creativecenter/topads/7484282891490000914/pc/en,natwestbusiness,banco/conta digital,More freedom to focus on what matters—building your dream business with a NatWest Start-up account.,40935,160,368,0.37,alto,www.natwest.com/business/bank-accounts/startup-bank-account.html,GB,1,15,video_view/traffic,Others,label_13100000000,5,FIN-GB-180-impression FIN-GB-180-like,,,,,,,
7512027515381202960,https://ads.tiktok.com/business/creativecenter/topads/7512027515381202960/pc/en,,banco/conta digital,"The simplest and quickest way to send and receive money across Africa 🌍 (Kenya, Nigeria, Cameroon, Rwanda, Uganda, Burkina Faso, Senegal, Ghana and More)🔥. Download Eversend today: http://.eversend.app.link 🙌. #sendit #sendandreceivemoney #crossborder #payments #transfermoney #sendmoneyonline #sendmoneyabroad #moneytransfer #easytransfers #mobilemoney #banktransfer #receivemoney #eversend #sendmoneyeasily ",37884,175,93,0.09,alto,eversend.app.link/,KE/NG/ZA/GB,4,43,traffic,Others,label_20106000000,1,APPFIN-GB-180-ctr APPFIN-GB-180-impression APPFIN-GB-180-like,,,,,,,
7522551928879661057,https://ads.tiktok.com/business/creativecenter/topads/7522551928879661057/pc/en,,orçamento/planilha/controle de gastos,"Blowout on a budget using @wavytalkofficial viral thermal brush, currently discounted to $37.97, get yours while it lasts 🤍 #dealsforyoudays #thermalbrush #blowout #thermalbrushblowout #thermalbrushstyling #hairstyle #hair #hairtok",37156,182,421,0.16,alto,,SG/DE/US/MY/PH/ES/IT,7,26,product_sales/reach,Others,label_14102000000,21,KW-budget-US,,,,,,,
7374532689267114001,https://ads.tiktok.com/business/creativecenter/topads/7374532689267114001/pc/en,Skycop - flight delay compensation claim,seguros/indenizações,"Get a refund on your cancelled flight with Skycop, up to €600 per passenger!",35122,143,517,0.34,alto,www.skycop.com/it/,ES/GB/FR/DE/IT/LT/SK/PT/HU/AT/DK/GR/RS/HR/NL/BE/LV/PL/NO/SI/RO/SE/CZ/CH/IE/CY/EE/FI/BG/US/TR/IL,32,20,conversion/lead_generation,TikTok Ads Manager,label_13102000000,9,FIN-GB-180-impression FIN-GB-180-like FIN-US-180-impression FIN-US-180-like,,,,,,,
7550820305368285191,https://ads.tiktok.com/business/creativecenter/topads/7550820305368285191/pc/en,Chime – Mobile Banking,banco/conta digital,Join the millions using Chime,34245,348,402,0.36,alto,www.chime.com/join/campaigns/debit/,US,1,15,lead_generation/video_view/reach,TikTok Ads Manager,label_20106000000,18,APPFIN-US-180-ctr APPFIN-US-180-impression APPFIN-US-180-like,"Homem andando em estrada de lama (metáfora) — ""Real Members. Sponsored Content.""",30,9,5,3,"1,9",9
7493838562623782930,https://ads.tiktok.com/business/creativecenter/topads/7493838562623782930/pc/en,Bright - Crush Your Card Debt,dívida/quitação,"Manage Debt Smarter: Bright Offers Personal Loans Up to $10,000",31702,462,343,0.29,alto,join.brightmoney.co/267,US,1,15,conversion,TikTok Ads Manager,label_20106000000,1,APPFIN-US-180-ctr APPFIN-US-180-impression APPFIN-US-180-like KW-budgeting_app-US KW-credit_score-US KW-debt-US KW-money_app-US KW-save_money-US,"""We lend you $50 to build your credit*"" (moedas animadas)",8,3,2,1,"1,6","6,8,12"
7418073258899882001,https://ads.tiktok.com/business/creativecenter/topads/7418073258899882001/pc/en,,dívida/quitação,"no judgement, just a helping hand. download gauss today!",31672,65,55,0.2,alto,www.gauss.money/,US,1,6,traffic/conversion,Others,label_20106000000,8,APPFIN-US-180-ctr APPFIN-US-180-impression APPFIN-US-180-like KW-debt-US,"when someone tells me they are in a lot of credit card debt, but I know the feeling (and how to help with it, it's called gauss 🤍)",48,20,7,7,"1,5","1,4"
7593301544410710034,https://ads.tiktok.com/business/creativecenter/topads/7593301544410710034/pc/en,,outros,Zero maker fees + deep liquidity = better profit opportunities.,31557,229,102,0.37,alto,www.mexc.com/register,MX/MA/PK/SA/HU/TH/NG/ZA/DE/SE/ID/GR/AR/FR/PH/AT/NO/MY/NZ/IL/IQ/IT/EG/CL/SG/BE/ES/DK/BR/NL/PL/AE/BG/TR/CA/PE/AU/FI/UA/PT/KR/CO/VN/CH/IE/RO/JO/GB/BO/EC/HR/LB/BD/KW/EE/LK/LT/QA/CY/GT/RS/SK/AZ/PA/KZ/SI/CR/UY/DO/PY/OM/KE/BH/BY/KH/PR/JP/LV/CZ/DZ/TW,81,30,conversion,TikTok Ads Manager,label_13116000000,6,FIN-AU-180-impression FIN-AU-180-like FIN-CA-180-impression FIN-CA-180-like FIN-GB-180-impression FIN-GB-180-like,,,,,,,
7375056197840715792,https://ads.tiktok.com/business/creativecenter/topads/7375056197840715792/pc/en,Skycop - flight delay compensation claim,seguros/indenizações,"Get a refund on your cancelled flight with Skycop, up to €600 per passenger!",28623,151,417,0.33,alto,www.skycop.com/it/,DK/GR/IE/AT/PT/BE/CH/GB/PL/SE/IT/NO/FI/HU/FR/RO/DE/ES/CZ/NL/LV/CY/LT/HR/RS/SK/BG/EE/SI/NZ/IL/US,32,16,lead_generation/conversion,TikTok Ads Manager,label_13102000000,17,FIN-GB-180-impression FIN-GB-180-like FIN-US-180-impression FIN-US-180-like,,,,,,,
7315385542127534081,https://ads.tiktok.com/business/creativecenter/topads/7315385542127534081/pc/en,Skycop - flight delay compensation claim,seguros/indenizações,"Obtenez un remboursement pour votre vol annulé avec Skycop, jusqu’à 600 € par passager !",28381,961,8508,0.38,alto,www.skycop.com/fr/,LV/HR/CH/NL/PT/GB/HU/BG/NO/BE/FR/DK/SE/LT/CZ/IT/ES/SK/RS/DE/EE/RO/CY/AT/FI/GR/TR/SI/IE/PL/US/BY,32,26,conversion/lead_generation,Others,label_13102000000,5,FIN-GB-180-impression FIN-GB-180-like FIN-US-180-impression FIN-US-180-like,,,,,,,
7436382519125475335,https://ads.tiktok.com/business/creativecenter/topads/7436382519125475335/pc/en,Uber Eats: Food Delivery,impostos/restituição,$15 off your first order when you spend $30 or more. Use code: CA36J5Q. Terms apply.,27783,432,389,0.31,alto,www.ubereats.com/,US/CA,2,16,traffic/conversion,TikTok Ads Manager,label_20107000000,7,KW-spending-US,,,,,,,
7662842240305922056,https://ads.tiktok.com/business/creativecenter/topads/7662842240305922056/pc/en,,banco/conta digital,#ad Couldn’t do it without them! 🤩 and the team couldn't do it all without @zelle #WhenItCountsZelle #ilovesainthonore ,24881,11,18,0.28,alto,www.zelle.com/,US,1,73,reach,Others,label_20106000000,27,APPFIN-US-180-ctr APPFIN-US-180-impression APPFIN-US-180-like,"Confeiteira com bandeja: ""I haven't introduced myself in a while..."" #ad Zelle",38,9,4,0,"1,3,10",
7481321902562361360,https://ads.tiktok.com/business/creativecenter/topads/7481321902562361360/pc/en,BLING - Un compte sans stress,banco/conta digital,Interdit bancaire ? Vous avez quand même droit à un vrai compte avec BLING.,24171,733,1025,0.31,alto,blingapp.go.link/,FR,1,31,lead_generation/video_view,TikTok Ads Manager,label_20106000000,36,APPFIN-FR-180-ctr APPFIN-FR-180-impression APPFIN-FR-180-like,"Resposta a comentário: ""J'suis interdit bancaire, je peux rien faire ❌"" → criadora responde",41,10,5,1,"24,26,29","24,27,29"
7356871426656337937,https://ads.tiktok.com/business/creativecenter/topads/7356871426656337937/pc/en,,orçamento/planilha/controle de gastos,My pick: the BEST budget curtains for the quality and price! #creatorsearchinsights #tiktokshop #tiktokmademebuyit #bedroommakeover #curtains #budgetfriendly #interiordesign #homedecor #homeinspo ,23659,592,4128,0.06,alto,,US,1,139,product_sales/video_view,Others,label_21104000000,23,KW-budget-US,,,,,,,
7618274238193139720,https://ads.tiktok.com/business/creativecenter/topads/7618274238193139720/pc/en,SmartAutoSavings,outros,I wish I had known this before!,23580,7,232,0.18,alto,t.drivesmartcompare.com/ac/57Wol7,US/CZ,2,108,conversion/lead_generation,TikTok Ads Manager,label_13102000000,22,FIN-US-180-impression FIN-US-180-like,,,,,,,
7508446803747733520,https://ads.tiktok.com/business/creativecenter/topads/7508446803747733520/pc/en,,outros,Trying to only spend 2 hours of work at Walmart today. Literally 😅🛒 ,23195,104,20,0.26,médio,,CA/GB/US/AU/DE/NZ,6,29,video_view,Others,label_20106000000,10,APPFIN-AU-180-ctr APPFIN-AU-180-impression APPFIN-AU-180-like APPFIN-CA-180-ctr APPFIN-CA-180-impression APPFIN-CA-180-like APPFIN-DE-180-ctr APPFIN-DE-180-like APPFIN-GB-180-ctr APPFIN-GB-180-impression APPFIN-GB-180-like APPFIN-US-180-ctr APPFIN-US-180-impression APPFIN-US-180-like,"""if it's less than 2 hours of work I'll buy it"" — criadora segurando LEGO de flores no Walmart (preço convertido em horas de trabalho)",58,39,31,19,"1,11,15","1,15,24"
7391489386989518864,https://ads.tiktok.com/business/creativecenter/topads/7391489386989518864/pc/en,Skycop - flight delay compensation claim,seguros/indenizações,Zborul anulat sau întârziat ar putea să vă aducă beneficii,23012,558,1750,0.37,alto,www.skycop.com/ro/,DK/EE/GR/PL/CH/FI/PT/AT/SK/HR/SI/BG/DE/SE/CZ/GB/BE/FR/NL/LV/LT/CY/HU/RO/ES/NO/IE/IT/RS/IL/TR,31,25,conversion/lead_generation,TikTok Ads Manager,label_13102000000,11,FIN-GB-180-impression FIN-GB-180-like,,,,,,,
7545772559528869896,https://ads.tiktok.com/business/creativecenter/topads/7545772559528869896/pc/en,LocalHealthSelect,outros,US Citizens Aged 24+ In Need Of Urgent Dental Work Could Benefit From This Healthcare Plan,22915,1601,3984,0.06,alto,localhealthselect.com/,US,1,29,lead_generation/conversion,TikTok Ads Manager,label_13102000000,23,FIN-US-180-impression FIN-US-180-like,,,,,,,
7499449608780644368,https://ads.tiktok.com/business/creativecenter/topads/7499449608780644368/pc/en,Wise (ex TransferWise),remessas/câmbio,Transfer money abroad with minimum fees — so you get more of your money in the currency you need.,21797,125,129,0.33,alto,wise.com/,CA/US,2,23,conversion,Others,label_20106000000,29,APPFIN-CA-180-ctr APPFIN-CA-180-impression APPFIN-CA-180-like APPFIN-US-180-ctr APPFIN-US-180-impression APPFIN-US-180-like,"Resposta a comentário: ""Why do they charge so much for international transfers?? 😩"" → criador ""I DON'T KNOW""",29,10,4,1,"1,7,12","13,15,19"
7568577514341892103,https://ads.tiktok.com/business/creativecenter/topads/7568577514341892103/pc/en,,banco/conta digital,Join the millions using Chime,21758,205,135,0.56,alto,www.chime.com/,US,1,36,video_view/reach,TikTok Ads Manager,label_20106000000,29,APPFIN-US-180-ctr APPFIN-US-180-impression APPFIN-US-180-like,"Família em quadra de basquete com camisas ""Your names"" — membros reais",50,22,12,2,"1,4,6",
7354073965441548305,https://ads.tiktok.com/business/creativecenter/topads/7354073965441548305/pc/en,Skycop - flight delay compensation claim,seguros/indenizações,Quel volo cancellato o ritardato potrebbe ancora farti ottenere un risarcimento,20955,286,2388,0.36,alto,www.skycop.com/it/,HU/NO/SK/RS/SI/FI/CY/NL/CH/IL/PL/DK/SE/CZ/FR/GR/HR/ES/LV/IE/DE/LT/AT/EE/BG/PT/RO/GB/IT/BE/TR,31,24,conversion/lead_generation,TikTok Ads Manager,label_13102000000,12,FIN-GB-180-impression FIN-GB-180-like,,,,,,,
7341169346453487617,https://ads.tiktok.com/business/creativecenter/topads/7341169346453487617/pc/en,,banco/conta digital,#iul #401k #index #bank #latinosenusa #hispanosenusa #hispanosenestadosunidos #socialsecurity #jubilacion #retiro #socialsecuritybenefits ,20618,1779,8886,0.1,alto,www.bguniversallife.com/contacto,US,1,153,traffic/lead_generation,Others,label_13100000000,26,FIN-US-180-impression FIN-US-180-like,,,,,,,
7299474533513199617,https://ads.tiktok.com/business/creativecenter/topads/7299474533513199617/pc/en,Fidelity Investments,investimento/aposentadoria,Money on with digital tools built for you to help reach your money goals.,20548,0,16,0.35,alto,www.fidelity.com/go/womens-investing/overview,US,1,19,reach/traffic,TikTok Ads Manager,label_23102000000,8,KW-save_money-US,,,,,,,
7395254771269582864,https://ads.tiktok.com/business/creativecenter/topads/7395254771269582864/pc/en,Skycop - flight delay compensation claim,seguros/indenizações,"A Skycop kezeli a késleltetett, törölt vagy túlfoglalott járatok kompenzációs igényeit",20261,332,1506,0.38,alto,www.skycop.com/hu/,BE/PL/ES/CY/HR/RS/IE/SI/NL/DK/CZ/SK/SE/LV/HU/BG/FR/DE/GB/NO/PT/CH/RO/FI/GR/LT/EE/AT/TR/IT,30,21,conversion/lead_generation,TikTok Ads Manager,label_13102000000,15,FIN-GB-180-impression FIN-GB-180-like,,,,,,,
7566299156696842256,https://ads.tiktok.com/business/creativecenter/topads/7566299156696842256/pc/en,NovoNordiskCanada,outros,Visit wegovy.ca for savings. Exclusions may apply.,19257,20,0,0.44,alto,wegovy.ca/,CA,1,6,reach,TikTok Ads Manager,label_13102000000,5,FIN-CA-180-impression FIN-CA-180-like,,,,,,,
7566354627849060369,https://ads.tiktok.com/business/creativecenter/topads/7566354627849060369/pc/en,NovoNordiskCanada,outros,Visit wegovy.ca for savings. Exclusions may apply.,18722,24,0,0.43,alto,wegovy.ca/,CA,1,15,reach,TikTok Ads Manager,label_13102000000,3,FIN-CA-180-impression FIN-CA-180-like,,,,,,,
7476114521276448786,https://ads.tiktok.com/business/creativecenter/topads/7476114521276448786/pc/en,WISO Steuer – Steuererklärung,impostos/restituição,Die App mit Gratis-Erstattungs-Check,18367,557,1553,0.43,alto,www.buhl.de/steuer/kaufen/,DE,1,45,lead_generation/conversion/reach,TikTok Ads Manager,label_20106000000,17,APPFIN-DE-180-impression APPFIN-DE-180-like,"Criadora em poltrona: ""Kennst du...?""",20,4,2,0,"1,18,39","35,37,39"
7387715765632663553,https://ads.tiktok.com/business/creativecenter/topads/7387715765632663553/pc/en,,orçamento/planilha/controle de gastos,I was worried to get these because of my last experience with headphones from this app but i love these headphones! These are great quality affordable headphones they’re often on sale making these headphones budget friendly without sacrificing sound quality. These headphones are noise canceling and I’m obsessed with the fit they’re so light weight and soft it’s really comfortable to have them on for long stretches  Hurry up and see if these good quality  headphones are still on sale!  #headphones #goodheadphones #goodqualityheadphones #noisecancellingheadphones ,18354,426,917,0.04,alto,,US,1,58,product_sales,Others,label_15100000000,27,KW-budget-US,,,,,,,
7546270023230701575,https://ads.tiktok.com/business/creativecenter/topads/7546270023230701575/pc/en,Tide Business Banking App,banco/conta digital,"Get paid faster with Tide. Fewer chasers, faster payments and smoother cash flow",17574,2,28,0.25,alto,www.tide.co/features/invoicing/,GB,1,53,lead_generation,TikTok Ads Manager,label_20106000000,8,APPFIN-GB-180-ctr APPFIN-GB-180-impression APPFIN-GB-180-like KW-cash_advance-GB,,,,,,,
7571263415873929232,https://ads.tiktok.com/business/creativecenter/topads/7571263415873929232/pc/en,GEICO,outros,test,17222,554,286,0.1,alto,www.geico.com/landingpage/go558,US,1,15,traffic,TikTok Ads Manager,label_13102000000,8,FIN-US-180-impression FIN-US-180-like,,,,,,,
7291839959529914369,https://ads.tiktok.com/business/creativecenter/topads/7291839959529914369/pc/en,Western Union Send Money Now,remessas/câmbio,Transferencias de dinero fáciles.,16142,0,413,0.37,alto,www.westernunion.com/us/es/web/user/register,US,1,59,conversion/lead_generation,TikTok Creative Exchange,label_20106000000,30,APPFIN-US-180-ctr APPFIN-US-180-impression APPFIN-US-180-like,,,,,,,
7562078157399670801,https://ads.tiktok.com/business/creativecenter/topads/7562078157399670801/pc/en,,investimento/aposentadoria,"Investing can have its ups and downs 📈 , but Zurich Money Mindset Lesson 6 🧠 helps you see how small setbacks are just part of reaching your bigger goals. Learn more tips on our Hub 💸",16124,34,180,0.22,alto,www.zurich.com/money-mindset/invest-to-be-your-best,JP/AU/ID/MY/CH/AT/DE/IT/PT/ES/CO/AR/CL/MX/BR/EC,16,76,traffic/video_view,Others,label_13102000000,7,FIN-AU-180-impression FIN-AU-180-like,,,,,,,
7470986373198053393,https://ads.tiktok.com/business/creativecenter/topads/7470986373198053393/pc/en,Skycop - flight delay compensation claim,seguros/indenizações,Réclamez une indemnisation pour vols perturbés – jusqu’à 600 €,16103,121,522,0.36,alto,www.skycop.com/fr/,CY/AT/GR/CZ/DE/BE/RO/SI/NL/ES/LT/FI/BG/HR/IT/EE/NO/CH/IE/HU/FR/DK/SE/PL/RS/LV/GB/SK/PT/TR,30,26,conversion,TikTok Ads Manager,label_13102000000,18,FIN-GB-180-impression FIN-GB-180-like,,,,,,,
7535855189035991057,https://ads.tiktok.com/business/creativecenter/topads/7535855189035991057/pc/en,,dívida/quitação,The peace of mind is everything 🩷 Download Gauss now!,15830,69,25,0.18,alto,www.gauss.money/,US,1,5,conversion/lead_generation/traffic,Others,label_20106000000,11,APPFIN-US-180-ctr APPFIN-US-180-impression APPFIN-US-180-like,"""you look happier!"" ""thanks! I have peace of mind knowing gauss will spot me up to $500 when I need it most"" (selfie de óculos escuros)",50,13,4,4,2,2
7507661553119559688,https://ads.tiktok.com/business/creativecenter/topads/7507661553119559688/pc/en,WellnessSquad,outros,"47,800+ people used it this week",14893,571,535,0.13,alto,trk.nimbuspeacepoint.com/683f8aa7363a4e0f0d59666d,US/EE,2,106,lead_generation,TikTok Ads Manager,label_13102000000,29,FIN-US-180-impression FIN-US-180-like,,,,,,,
7455058906337214481,https://ads.tiktok.com/business/creativecenter/topads/7455058906337214481/pc/en,snowballanalytics,adiantamento/empréstimo,"Snowball Analytics - Portfolio Tracker, Dividend Calendar, tools for Investors and Community",14653,267,170,0.4,alto,snowball-analytics.com/,IE/DE/NO/NL/GB/CZ/CH/CA/US/SA/AE,11,10,conversion,TikTok Ads Manager,label_13110000000,1,FIN-CA-180-impression FIN-CA-180-like FIN-GB-180-impression FIN-GB-180-like FIN-US-180-impression FIN-US-180-like KW-money_tracker-GB KW-money_tracker-US,,,,,,,
7368572337824595984,https://ads.tiktok.com/business/creativecenter/topads/7368572337824595984/pc/en,Hiatus: Bill and Money Manager,orçamento/planilha/controle de gastos,Track subscriptions and auto-negotiate bills!,14375,232,88,0.26,alto,hiatus.go.link/,US,1,44,conversion,TikTok Ads Manager,label_20106000000,7,APPFIN-US-180-ctr APPFIN-US-180-impression APPFIN-US-180-like KW-subscriptions-US,"Desenho animado + cards ""Netflix $19.99 Monthly"" repetidos (assinaturas duplicadas)",25,13,9,1,"1,23,36","23,32,41"
7293531253562343426,https://ads.tiktok.com/business/creativecenter/topads/7293531253562343426/pc/en,Western Union Send Money Now,remessas/câmbio,Send money in just a few taps,13956,2,384,0.37,alto,www.westernunion.com/us/en/web/user/register,US,1,26,conversion/lead_generation,TikTok Creative Exchange,label_20106000000,10,APPFIN-US-180-ctr APPFIN-US-180-impression APPFIN-US-180-like KW-cash_advance-US,,,,,,,
7465368803838017537,https://ads.tiktok.com/business/creativecenter/topads/7465368803838017537/pc/en,UK Government,impostos/restituição,"Get the HMRC app – the easy way to manage money and tax. When you’re on it, you’re on it.",13872,1,0,0.44,alto,www.gov.uk/guidance/download-the-hmrc-app,GB,1,15,reach/traffic,TikTok Ads Manager,label_20106000000,14,APPFIN-GB-180-impression APPFIN-GB-180-like KW-save_money-GB,Plano de gravação estilizado (aquário) — campanha institucional HMRC,10,2,1,0,"2,12",
7576536203002085392,https://ads.tiktok.com/business/creativecenter/topads/7576536203002085392/pc/en,pay.com.au,impostos/restituição,"My ultimate business hack 💥 Running multiple businesses is hectic, but using pay.com.au has made it a whole lot sweeter. I keep all my bills in one place and earn points on every payment, even ATO and supplier bills. It makes life easier and way more rewarding.   Use my code BAE20 to sign up and you'll earn yourself 20,000 PayRewards Points when you process $10,000 in business expenses in your first 30 days Give it a try and start getting more back from your business. #BusinessHack #PayRewards #founder  @pay.com.au 🙌🏼",13523,52,37,0.33,alto,pay.com.au/how-it-works/,AU,1,57,video_view/lead_generation/reach,Others,label_13999000000,10,FIN-AU-180-impression FIN-AU-180-like,,,,,,,
7500242612100661264,https://ads.tiktok.com/business/creativecenter/topads/7500242612100661264/pc/en,Wise (ex TransferWise),remessas/câmbio,Transfer money abroad with minimum fees — so you get more of your money in the currency you need.,13480,57,39,0.31,alto,wise.com/,US/CA,2,50,conversion,Others,label_20106000000,27,APPFIN-CA-180-ctr APPFIN-CA-180-impression APPFIN-CA-180-like APPFIN-US-180-ctr APPFIN-US-180-impression APPFIN-US-180-like,,,,,,,
7616508492585025554,https://ads.tiktok.com/business/creativecenter/topads/7616508492585025554/pc/en,,impostos/restituição,El SAT te debe dinero de los últimos 5 años Y la mayoría ni se entera. Revisa cuánto te debe gratis,12592,143,503,0.31,alto,app.taxdown.com.mx/login,MX/ES,2,12,conversion,TikTok Ads Manager,label_20106000000,29,APPFIN-ES-180-ctr APPFIN-ES-180-impression APPFIN-ES-180-like APPFIN-MX-180-ctr APPFIN-MX-180-impression APPFIN-MX-180-like,,,,,,,
7271190289339105281,https://ads.tiktok.com/business/creativecenter/topads/7271190289339105281/pc/en,ستارلايت,outros,أدخل بياناتك وسيقوم أحد ممثلي المنصة بالتواصل معك لشرح آلية الاشتراك.,12459,702,802,0.27,alto,ksa-news.co/,SA/EG/AE/KW/OM/QA/BE/GB/FR/ES,10,32,traffic/lead_generation,TikTok Ads Manager,label_13999000000,30,FIN-GB-180-impression FIN-GB-180-like,,,,,,,
7410761684819902480,https://ads.tiktok.com/business/creativecenter/topads/7410761684819902480/pc/en,,remessas/câmbio,"Experience seamless money transfers with ACE—best rates, lowest fees, and freedom to send anytime! 💸🌍 #ACEMoneyTransfer #DeliveringYourPromises #SecureTransfers #BestRates",12263,48,97,0.43,alto,track.acemoneytransfer.com/,PL/FR/SE/BE/NO/ES/FI/LT/IT/DE/EE/IE/NL/SI/SK/LV/PT/AT/GR/GB/DK/RO/CH/CZ/CY/AU/CA,27,18,traffic,Others,label_20106000000,51,APPFIN-AU-180-impression APPFIN-AU-180-like APPFIN-CA-180-ctr APPFIN-CA-180-impression APPFIN-CA-180-like APPFIN-DE-180-impression APPFIN-DE-180-like APPFIN-ES-180-ctr APPFIN-ES-180-impression APPFIN-ES-180-like APPFIN-FR-180-impression APPFIN-FR-180-like APPFIN-GB-180-impression APPFIN-GB-180-like,,,,,,,
7563680019530137616,https://ads.tiktok.com/business/creativecenter/topads/7563680019530137616/pc/en,,seguros/indenizações,Making my god daughter happy with @Cuvva  AD  #carinsureance #cuvva #fup,12243,125,73,0.23,alto,,GB,1,52,traffic,Others,label_20106000000,10,APPFIN-GB-180-ctr APPFIN-GB-180-impression APPFIN-GB-180-like,,,,,,,
7576111659694931985,https://ads.tiktok.com/business/creativecenter/topads/7576111659694931985/pc/en,,orçamento/planilha/controle de gastos,"Ready to get more eyes on your TikTok videos? Setting up your first Promote campaign is simple — choose your goal, set your budget, and place your order in just a few taps. Start your first Promote campaign today and grow effortlessly. #TikTokPromote #HowToPromote #TikTokAdsTool",12045,470,466,0.13,alto,www.tiktok.com/promote/web/main,US/SA/GR/UA/BE/ES/AE/FR/NL/FI/CH/IE/IL/NO/PT/DK/DE/IT/PL/GB/PH/CA/NZ/MY/ZA/MX/KR/SG/AU,29,39,conversion,Others,label_23132000000,6,KW-budget-GB KW-budget-US KW-spending-GB,,,,,,,
7542926584581668882,https://ads.tiktok.com/business/creativecenter/topads/7542926584581668882/pc/en,SoFi,dívida/quitação,Looking to consolidate your high-interest debt? Check out your rate with SoFi!,11831,228,522,0.36,alto,www.sofi.com/atr/p/v1/c,PR/US,2,33,lead_generation,TikTok Ads Manager,label_13109000000,3,FIN-US-180-impression FIN-US-180-like KW-credit_score-US KW-debt-US,,,,,,,
7519841588501135368,https://ads.tiktok.com/business/creativecenter/topads/7519841588501135368/pc/en,,banco/conta digital,Du bist selbstständig? Dann teste Accountable kostenlos!,11616,37,548,0.39,alto,www.accountable.de/websignup/,DE,1,25,lead_generation,TikTok Ads Manager,label_20106000000,31,APPFIN-DE-180-ctr APPFIN-DE-180-impression APPFIN-DE-180-like,,,,,,,
7604377561083707393,https://ads.tiktok.com/business/creativecenter/topads/7604377561083707393/pc/en,,seguros/indenizações,Delayed or cancelled flight in the last 3 years? Get up to US $650 in compensation!,11575,126,341,0.27,alto,form.refly.org/en-gb/claim,CH/IE/GB/ES/FI/IT/DE/AT/FR/BE/NO/PL/DK/UA/SE/NL/CZ/GR/RO/US/HU/MY/SA/VN/OM/LB/MA/TH/BO/BH/PK/AR/JP/ZA/SG/AE/BD/AZ/TR/KZ/DZ/KH/EG/LK/AU/PY/KW/CR/NG/CA/KE/QA/PT/IL/IQ/DO/UY/BY/PH/NZ/PA/GT/KR/ID,64,45,lead_generation,TikTok Ads Manager,label_13102000000,12,FIN-AU-180-impression FIN-AU-180-like FIN-CA-180-impression FIN-CA-180-like FIN-GB-180-impression FIN-GB-180-like FIN-US-180-impression FIN-US-180-like KW-bills-GB,,,,,,,
7608535980644204545,https://ads.tiktok.com/business/creativecenter/topads/7608535980644204545/pc/en,,adiantamento/empréstimo,Visiting the UK? Borrow your friends car with @Cuvva ,11477,46,83,0.2,alto,,GB,1,22,traffic,Others,label_20106000000,8,APPFIN-GB-180-ctr APPFIN-GB-180-impression APPFIN-GB-180-like,,,,,,,
7478440816441868289,https://ads.tiktok.com/business/creativecenter/topads/7478440816441868289/pc/en,Banco Azteca,banco/conta digital,Envía dinero a México a Elektra y Banco Azteca porque siempre apoyamos a tu familia.,10852,43,61,0.12,médio,www.bancoazteca.com.mx/servicios/envios-y-transferencias/recibir-dinero-internacional.html,MX/US,2,18,video_view/conversion/traffic,TikTok Ads Manager,label_13100000000,24,FIN-US-180-impression FIN-US-180-like,,,,,,,
7387340293425152016,https://ads.tiktok.com/business/creativecenter/topads/7387340293425152016/pc/en,Skycop - flight delay compensation claim,seguros/indenizações,"Vos revendications de vol, gérées avec professionnalisme",10823,113,1780,0.35,alto,www.skycop.com/fr/,RO/EE/IT/HR/BE/LV/DK/SE/PT/CH/GR/CY/NO/DE/NL/FR/BG/IE/SI/AT/CZ/GB/LT/RS/ES/HU/FI/PL/SK/TR,30,20,conversion,TikTok Ads Manager,label_13102000000,31,FIN-GB-180-impression FIN-GB-180-like,,,,,,,
7402349684046938119,https://ads.tiktok.com/business/creativecenter/topads/7402349684046938119/pc/en,YBE Credit Repair,reparo de crédito,"Attention!! We fix low credit scores. Click ""Learn More"" below to schedule your FREE consultation.",10756,843,1635,0.12,alto,,US,1,57,lead_generation,TikTok Ads Manager,label_13108000000,36,FIN-US-180-impression FIN-US-180-like,,,,,,,
7540589864640872464,https://ads.tiktok.com/business/creativecenter/topads/7540589864640872464/pc/en,,seguros/indenizações,Get complete peace of mind® for less with our breakdown cover!,10546,17,145,0.01,alto,www.rac.co.uk/breakdown-cover,GB,1,8,conversion,TikTok Ads Manager,label_13102000000,25,FIN-GB-180-impression FIN-GB-180-like,,,,,,,
7291829895062863874,https://ads.tiktok.com/business/creativecenter/topads/7291829895062863874/pc/en,Western Union Send Money Now,remessas/câmbio,Descarga nuestra app hoy​,10525,0,243,0.39,alto,www.westernunion.com/us/es/web/user/register,US,1,52,lead_generation/conversion,TikTok Creative Exchange,label_20106000000,33,APPFIN-US-180-ctr APPFIN-US-180-impression APPFIN-US-180-like,,,,,,,
7295422989373161473,https://ads.tiktok.com/business/creativecenter/topads/7295422989373161473/pc/en,GreenlightAutomotiveLtd ,outros,Click below to get started with your application.,10302,141,57,0.27,alto,greenlightcarfinance.com/tt-ac/,GB,1,50,conversion/lead_generation,TikTok Ads Manager,label_13109000000,35,FIN-GB-180-impression FIN-GB-180-like,,,,,,,
7564907474818629649,https://ads.tiktok.com/business/creativecenter/topads/7564907474818629649/pc/en,,seguros/indenizações,"Si tuviste un accidente de auto, NO cometas este error.",10115,322,481,0.37,alto,caso.losabogadoslatinos.net/,US,1,19,lead_generation,TikTok Ads Manager,label_13102000000,14,FIN-US-180-impression FIN-US-180-like,,,,,,,
7564752271197454343,https://ads.tiktok.com/business/creativecenter/topads/7564752271197454343/pc/en,,seguros/indenizações,Get complete peace of mind® for less with our breakdown cover!,10043,3,48,0.01,alto,www.rac.co.uk/breakdown-cover,GB,1,6,conversion,TikTok Ads Manager,label_13102000000,30,FIN-GB-180-impression FIN-GB-180-like,,,,,,,
7585542274865152017,https://ads.tiktok.com/business/creativecenter/topads/7585542274865152017/pc/en,WISO Steuer – Steuererklärung,impostos/restituição,Check kostenlos deine Erstattung,9802,189,370,0.4,alto,www.buhl.de/steuer/,DE,1,35,reach/lead_generation/traffic/conversion,TikTok Ads Manager,label_20106000000,32,APPFIN-DE-180-ctr APPFIN-DE-180-impression APPFIN-DE-180-like,,,,,,,
7605994059267293192,https://ads.tiktok.com/business/creativecenter/topads/7605994059267293192/pc/en,,outros,Unlock next level spending powers. The joy of spending with the joy of receiving cashback.,9692,0,76,0.95,alto,,GB,1,15,reach,TikTok Ads Manager,label_20105000000,9,KW-cash_advance-GB KW-spending-GB,,,,,,,
7430086048556974096,https://ads.tiktok.com/business/creativecenter/topads/7430086048556974096/pc/en,,outros,,9469,507,2026,0.24,alto,partnersimg.com/comience-su-cotizacion,US,1,91,conversion/lead_generation/traffic,Others,label_13102000000,39,FIN-US-180-impression FIN-US-180-like,,,,,,,
7392353298684919824,https://ads.tiktok.com/business/creativecenter/topads/7392353298684919824/pc/en,,impostos/restituição,The major tax benefits of a Roth IRA.  💰#moneytip #moneytips #wealthymindset #rich #wealthy #rothira #investing #invest #investment #moneytoks #moneytok,9217,270,1218,0.12,alto,,US,1,44,lead_generation,Others,label_23102000000,19,KW-debt-US,"Especialista (Loral Langemeier) — ""go to askloral.com""",40,18,10,3,"35,39,42","26,36,39"
7564751094029484039,https://ads.tiktok.com/business/creativecenter/topads/7564751094029484039/pc/en,,seguros/indenizações,Get complete peace of mind® for less with our breakdown cover!,9186,3,249,0.36,alto,www.rac.co.uk/breakdown-cover,GB,1,15,conversion,TikTok Ads Manager,label_13102000000,17,FIN-GB-180-impression FIN-GB-180-like,,,,,,,
7605991040042434568,https://ads.tiktok.com/business/creativecenter/topads/7605991040042434568/pc/en,,outros,Unlock next level spending powers. The joy of spending with the joy of receiving cashback.,8964,1,57,0.95,alto,,GB,1,30,reach,TikTok Ads Manager,label_20105000000,21,KW-cash_advance-GB KW-spending-GB,,,,,,,
7595353082024935431,https://ads.tiktok.com/business/creativecenter/topads/7595353082024935431/pc/en,CommBank,banco/conta digital,Start investing with as little as $2 in the CommBank app using your Everyday account. ,8906,42,100,0.4,alto,www.commbank.com.au/banking/young-adults.html,AU,1,10,reach,TikTok Ads Manager,label_13100000000,5,FIN-AU-180-impression FIN-AU-180-like,,,,,,,
7488334892649299969,https://ads.tiktok.com/business/creativecenter/topads/7488334892649299969/pc/en,CoinIn: Coin Scan Identifier,outros,"Finden Sie heraus, wie viele wertvolle Münzen sich in Ihrem Kleingeld befinden!",8821,168,478,0.14,alto,tt.coininapp.com/landing/w2a/dynamic/white/white,AU/CA/GB/US/DE/NL/IE/PR/NZ/FR/JP/BE/IT/AT/NO/PT/SG/CL/IL/ES/SA/PL/MX/CH/QA/TW/SE/KR/AE/DK/KW/ZA/CZ/TR/BH/DO/EC/CO/BR/CY/FI/PA/CR/HR/BG/PE/SI/AZ/LT/ID/HU/LV/GR/AR,54,29,conversion,TikTok Ads Manager,label_20106000000,2,APPFIN-AU-180-ctr APPFIN-AU-180-impression APPFIN-AU-180-like APPFIN-CA-180-ctr APPFIN-CA-180-impression APPFIN-CA-180-like APPFIN-DE-180-ctr APPFIN-DE-180-impression APPFIN-DE-180-like APPFIN-ES-180-ctr APPFIN-ES-180-impression APPFIN-ES-180-like APPFIN-FR-180-ctr APPFIN-FR-180-impression APPFIN-FR-180-like APPFIN-GB-180-ctr APPFIN-GB-180-impression APPFIN-GB-180-like APPFIN-MX-180-ctr APPFIN-MX-180-impression APPFIN-MX-180-like APPFIN-US-180-ctr APPFIN-US-180-impression APPFIN-US-180-like,,,,,,,
7354410193138614289,https://ads.tiktok.com/business/creativecenter/topads/7354410193138614289/pc/en,Fidelity Investments,investimento/aposentadoria,"From saving & investing to advancing your career, join Women Talk Money for candid convos on it all.",8610,3,30,0.47,alto,www.fidelity.com/go/womens-investing/signup,US,1,16,reach,TikTok Ads Manager,label_23102000000,9,KW-save_money-US,"Logo ""WOMEN TALK MONEY"" sobre fundo cinza",6,2,1,0,"1,10,15",
7517315355016232978,https://ads.tiktok.com/business/creativecenter/topads/7517315355016232978/pc/en,,outros,No te descalifiques solo. En Virginia hay opciones para comprar casa y recibir el 3.5% del valor.,8192,880,1928,0.21,alto,,US,1,31,lead_generation,TikTok Ads Manager,label_13999000000,41,FIN-US-180-impression FIN-US-180-like,,,,,,,
7512026201805013008,https://ads.tiktok.com/business/creativecenter/topads/7512026201805013008/pc/en,,impostos/restituição,Looking for more info? Message me to see if you qualify!  #houseandland #firsthomebuyer #lowdeposithomes #mortgage #buildingahouse #houseandlandpackages #firsthomeguaranteescheme #renting ,8167,179,246,0.28,alto,www.stuartwelch.com.au/do-i-qualify,AU,1,47,traffic/reach/lead_generation,Others,label_13111000000,17,FIN-AU-180-impression FIN-AU-180-like,,,,,,,
7470572681814179848,https://ads.tiktok.com/business/creativecenter/topads/7470572681814179848/pc/en,Capella University,adiantamento/empréstimo,"Take it from Kathleen, savings are possible.",7992,199,262,0.4,alto,www.capella.edu/lp/scholarships/,US,1,20,lead_generation,TikTok Ads Manager,label_10102000000,27,KW-savings-US,,,,,,,
7447074172918677512,https://ads.tiktok.com/business/creativecenter/topads/7447074172918677512/pc/en,LocalHealthSelect,outros,Get extra benefits most people don’t even know exist,7946,453,731,0.08,alto,localhealthselect.com/,US,1,28,lead_generation/conversion,TikTok Ads Manager,label_13102000000,43,FIN-US-180-impression FIN-US-180-like,,,,,,,
7496860930635743249,https://ads.tiktok.com/business/creativecenter/topads/7496860930635743249/pc/en,BLING - Un compte sans stress,banco/conta digital,Stop aux galères d’argent avec BLING !,7911,319,99,0.36,alto,,FR,1,25,lead_generation,TikTok Ads Manager,label_20106000000,50,APPFIN-FR-180-ctr APPFIN-FR-180-impression APPFIN-FR-180-like,"Talking head em close + legenda ""Demander une avance""",10,3,2,1,"1,4,21","9,14,21"
7624476591369437204,https://ads.tiktok.com/business/creativecenter/topads/7624476591369437204/pc/en,MexiCash-Préstamos de crédito,adiantamento/empréstimo,"Tu confianza, nuestra mejor recompensa",7660,1,40,0.89,alto,,MX,1,33,traffic/reach,TikTok Ads Manager,label_20106000000,47,APPFIN-MX-180-impression APPFIN-MX-180-like,,,,,,,
7351698436514971649,https://ads.tiktok.com/business/creativecenter/topads/7351698436514971649/pc/en,,seguros/indenizações,"Dont leave it late, insure your little mate - with @NapoPet 💙 #dachshund #sausagedog #puppy #cute #longhairdachshund #puppies #CapCut ",7632,117,115,0.12,alto,www.napo.pet/,GB,1,23,lead_generation,Others,label_13102000000,41,FIN-GB-180-impression FIN-GB-180-like,,,,,,,
7364524812637175824,https://ads.tiktok.com/business/creativecenter/topads/7364524812637175824/pc/en,,investimento/aposentadoria,#iul #401k #rothira #sp500 #hispanosenusa #hispanosenestadosunidos #jubilacion #retiro #latinosenusa #latinosenestadosunidos #inversion ,7630,491,1855,0.21,alto,www.tiktok.com/share/user/7109519607534208046,US,1,122,lead_generation/traffic,Others,label_13110000000,44,FIN-US-180-impression FIN-US-180-like,,,,,,,
7641792195184148501,https://ads.tiktok.com/business/creativecenter/topads/7641792195184148501/pc/en,MexiCash-Préstamos de crédito,adiantamento/empréstimo,"Tu confianza, nuestra mejor recompensa",7077,0,32,0.77,alto,,MX,1,32,reach,TikTok Ads Manager,label_20106000000,63,APPFIN-MX-180-impression APPFIN-MX-180-like,,,,,,,
7503775124223672337,https://ads.tiktok.com/business/creativecenter/topads/7503775124223672337/pc/en,,orçamento/planilha/controle de gastos,"Si Excel ya te hizo llorar una vez, es hora de conocer a Alba 🧘‍♀️. Tracking sin fórmulas raras ni colapsos mentales. #TuplataTuflow #UntrackingUnpremio ",7004,27,103,0.25,alto,www.alba.ec/,EC/CO/MX,3,10,conversion/video_view,Others,label_20106000000,8,APPFIN-MX-180-ctr APPFIN-MX-180-impression APPFIN-MX-180-like,"Mulher mostrando celular com app Alba: ""Trackea tus gastos automáticamente 🙌""",23,7,3,2,"1,3,7",
7476127437476265991,https://ads.tiktok.com/business/creativecenter/topads/7476127437476265991/pc/en,WISO Steuer – Steuererklärung,impostos/restituição,Die App mit Gratis-Erstattungs-Check,6982,164,285,0.44,alto,www.buhl.de/steuer/kaufen/,DE,1,48,reach/lead_generation/conversion,TikTok Ads Manager,label_20106000000,55,APPFIN-DE-180-impression APPFIN-DE-180-like,,,,,,,
7501445642674880520,https://ads.tiktok.com/business/creativecenter/topads/7501445642674880520/pc/en,,seguros/indenizações,𝗜𝗻𝗷𝘂𝗿𝗲𝗱? You may have a case. We've recovered millions for clients. Book a free consultation.,6968,276,492,0.29,alto,www.sparandbernstein.com/,US,1,44,lead_generation/reach,TikTok Ads Manager,label_13102000000,48,FIN-US-180-impression FIN-US-180-like,,,,,,,
7507718151247069191,https://ads.tiktok.com/business/creativecenter/topads/7507718151247069191/pc/en,conquerfinance,outros,Aprende a invertir con enfoque. Clase GRATIS de 15 min. ¡Reserva tu lugar ya!,6942,8,317,0.26,alto,www.conquerfinance.com/clase-online-gratuita-latam,BE/FR/FI/IT/GB/NL/CH/SE/AT/ES/NO/DE/DK/IE/CR/MX/PE/UY/AR/CL/PA/PT,22,58,lead_generation,TikTok Ads Manager,label_13110000000,44,FIN-GB-180-impression FIN-GB-180-like,,,,,,,
7339942410246602753,https://ads.tiktok.com/business/creativecenter/topads/7339942410246602753/pc/en,Symple Lending,dívida/quitação,A+ Rated BBB,6570,419,214,0.24,alto,symplelending.com/credit-consolidation//,US,1,25,conversion/lead_generation/reach,TikTok Ads Manager,label_13109000000,6,FIN-US-180-impression FIN-US-180-like KW-cash_advance-US KW-debt-US,,,,,,,
7553424493700825106,https://ads.tiktok.com/business/creativecenter/topads/7553424493700825106/pc/en,,seguros/indenizações,Injured in an accident? Call today for a FREE CONSULTATION. You Don't Pay Until We Win! 213-263-5232,6563,219,88,0.3,alto,accident.westcoasttriallawyers.com/tiktok-lp-en/,US,1,59,lead_generation,TikTok Ads Manager,label_13102000000,48,FIN-US-180-impression FIN-US-180-like,,,,,,,
7624476593386815508,https://ads.tiktok.com/business/creativecenter/topads/7624476593386815508/pc/en,MexiCash-Préstamos de crédito,adiantamento/empréstimo,"Tu confianza, nuestra mejor recompensa",6474,0,43,0.91,alto,,MX,1,25,traffic/reach,TikTok Ads Manager,label_20106000000,45,APPFIN-MX-180-impression APPFIN-MX-180-like,,,,,,,
7321734267758149633,https://ads.tiktok.com/business/creativecenter/topads/7321734267758149633/pc/en,Possible: Fast Cash & Credit,adiantamento/empréstimo,Get up to $500* in minutes. Good credit not required. Repay over time and build credit. ,6380,368,99,0.27,alto,possible.sng.link/Ayhrm/xr14,US,1,30,conversion,Others,label_20106000000,26,APPFIN-US-180-ctr APPFIN-US-180-impression APPFIN-US-180-like,"Celebridade (LaVar Ball) — ""People can apply for a loan in minutes and borrow up to $500.""",39,10,4,1,"9,12,20","10,13,23"
7624476597090123796,https://ads.tiktok.com/business/creativecenter/topads/7624476597090123796/pc/en,MexiCash-Préstamos de crédito,adiantamento/empréstimo,"Tu confianza, nuestra mejor recompensa",6294,0,38,0.88,alto,,MX,1,32,traffic/reach,TikTok Ads Manager,label_20106000000,58,APPFIN-MX-180-impression APPFIN-MX-180-like,,,,,,,
7624476605116989460,https://ads.tiktok.com/business/creativecenter/topads/7624476605116989460/pc/en,MexiCash-Préstamos de crédito,adiantamento/empréstimo,"Tu confianza, nuestra mejor recompensa",6289,0,45,0.87,alto,,MX,1,41,reach/traffic,TikTok Ads Manager,label_20106000000,56,APPFIN-MX-180-impression APPFIN-MX-180-like,,,,,,,
7649356568031608852,https://ads.tiktok.com/business/creativecenter/topads/7649356568031608852/pc/en,WISO Steuer,impostos/restituição,Die App mit Gratis-Erstattungs-Check,6129,97,373,0.41,alto,www.buhl.de/steuer/,DE,1,23,reach/conversion/lead_generation,TikTok Ads Manager,label_20106000000,43,APPFIN-DE-180-ctr APPFIN-DE-180-impression APPFIN-DE-180-like,,,,,,,
7571199606098739208,https://ads.tiktok.com/business/creativecenter/topads/7571199606098739208/pc/en,,seguros/indenizações,Check your eligibility today!,6085,117,606,0.36,alto,form.refly.org/en-gb/claim,GB/US/CH/IE/ES/FI/IT/DE/AT/FR/BE/NO/PL/DK/UA/SE/NL/CZ/GR/RO/AE/AZ/MA/BO/VN/KH/EG/NG/BD/IL/DO/AU/TR/HU/CR/KE/DZ/GT/PT/PY/KW/IQ/BY/PH/ID/SG/KZ/PK/MY/CA/AR/UY/BH/JP/SA/OM/PA/ZA/NZ/KR/TH/LK/LB/QA,64,51,lead_generation,TikTok Ads Manager,label_13102000000,14,FIN-AU-180-impression FIN-AU-180-like FIN-CA-180-impression FIN-CA-180-like FIN-GB-180-impression FIN-GB-180-like FIN-US-180-impression FIN-US-180-like KW-bills-GB,,,,,,,
7629276815580938260,https://ads.tiktok.com/business/creativecenter/topads/7629276815580938260/pc/en,BLING - Un compte sans stress,adiantamento/empréstimo,"Un imprévu ce mois-ci ? Demandez une avance jusqu'à 100€, sans frais ni intérêts.",6048,178,44,0.3,alto,bling.eu/apply-account,FR,1,22,lead_generation,TikTok Ads Manager,label_20106000000,33,APPFIN-FR-180-ctr APPFIN-FR-180-impression APPFIN-FR-180-like,"Tela de chat/teclado: ""Quand t'as besoin d'argent en urgence tu tentes vraiment n'importe quoi…""",27,10,2,1,"5,15,19","10,14,19"
7621343127328374802,https://ads.tiktok.com/business/creativecenter/topads/7621343127328374802/pc/en,TaxDown,impostos/restituição,El SAT te debe dinero de los últimos 5 años Y la mayoría ni se entera. Revisa cuánto te debe gratis,5979,117,435,0.34,alto,app.taxdown.com.mx/login,MX/ES,2,20,conversion,TikTok Ads Manager,label_20106000000,48,APPFIN-ES-180-ctr APPFIN-ES-180-impression APPFIN-ES-180-like APPFIN-MX-180-ctr APPFIN-MX-180-impression APPFIN-MX-180-like,,,,,,,
7443147032980963345,https://ads.tiktok.com/business/creativecenter/topads/7443147032980963345/pc/en,,banco/conta digital,#latinosenusa🇺🇸 #dinero #bank #usa🇺🇸 #inversiones ,5949,270,1309,0.16,alto,www.bguniversallife.com/contacto,US,1,110,lead_generation/traffic,Others,label_13110000000,52,FIN-US-180-impression FIN-US-180-like,,,,,,,
7488645159191445512,https://ads.tiktok.com/business/creativecenter/topads/7488645159191445512/pc/en,,impostos/restituição,POV: llevas años pagando más de lo que debes a Hacienda,5858,195,449,0.25,alto,taxdown.es/pl/renta-tiktok-2026,ES,1,15,conversion,TikTok Ads Manager,label_20106000000,8,APPFIN-ES-180-ctr APPFIN-ES-180-impression APPFIN-ES-180-like,Homem fantasiado de formulário de imposto sendo entrevistado na rua (microfone),34,12,5,2,"1,6,11","6,11"
7444441026112864272,https://ads.tiktok.com/business/creativecenter/topads/7444441026112864272/pc/en,,dívida/quitação,The quickest and easiest way to get rid of credit card debt! Download Gauss today!,5804,14,15,0.2,alto,,US,1,6,traffic,Others,label_20106000000,17,APPFIN-US-180-ctr APPFIN-US-180-impression APPFIN-US-180-like,November of last year I was drowning in credit card debt. November this year I got rid of $10k worth of it in minutes thanks to Gauss,38,14,4,4,1,
7567004137348890642,https://ads.tiktok.com/business/creativecenter/topads/7567004137348890642/pc/en,UK Government,impostos/restituição,Download the HMRC app for your money and tax. It feels good to be 'on it'. ,5640,0,0,0.5,alto,play.google.com/store/apps/details,GB,1,15,reach,TikTok Ads Manager,label_20106000000,30,APPFIN-GB-180-impression APPFIN-GB-180-like,,,,,,,
7483833201166598145,https://ads.tiktok.com/business/creativecenter/topads/7483833201166598145/pc/en,,seguros/indenizações,Award-winning claims management company. Check how much you could claim now,5569,351,347,0.38,alto,,GB,1,20,lead_generation,TikTok Video Editor,label_13102000000,33,FIN-GB-180-impression FIN-GB-180-like,,,,,,,
7547704969979625473,https://ads.tiktok.com/business/creativecenter/topads/7547704969979625473/pc/en,,dívida/quitação,More than 10k in debt? DM for help today,5478,428,363,0.3,alto,verifiedservices.app/moneybee,GB,1,37,lead_generation,Others,label_13108000000,2,FIN-GB-180-impression FIN-GB-180-like KW-debt-GB,"""Are you more than £10k in debt?"" (homem com crachá, escritório)",32,8,3,1,"8,10,32","28,30,32"
7551806412709642256,https://ads.tiktok.com/business/creativecenter/topads/7551806412709642256/pc/en,,seguros/indenizações,Get complete peace of mind® for less with our breakdown cover!,5338,2,54,0.02,alto,www.rac.co.uk/breakdown-cover,GB,1,16,conversion,TikTok Ads Manager,label_13102000000,39,FIN-GB-180-impression FIN-GB-180-like,,,,,,,
7169225142512762882,https://ads.tiktok.com/business/creativecenter/topads/7169225142512762882/pc/en,brillianceofficial,outros,you won't believe this,5285,192,199,0.12,alto,www.brilliance.com/,US,1,24,conversion,TikTok Ads Manager,label_20106000000,6,APPFIN-US-180-ctr APPFIN-US-180-impression APPFIN-US-180-like,,,,,,,
7583946596511498248,https://ads.tiktok.com/business/creativecenter/topads/7583946596511498248/pc/en,CommBank,adiantamento/empréstimo,Open more doors. No doubt.,5062,285,111,0.43,alto,www.commbank.com.au/home-loans/investing-in-property.html,AU,1,15,video_view,TikTok Ads Manager,label_13109000000,16,FIN-AU-180-impression FIN-AU-180-like,,,,,,,
7522852674728312849,https://ads.tiktok.com/business/creativecenter/topads/7522852674728312849/pc/en,,seguros/indenizações,I’m happy to review and match your existing coverages just reach out to us for a quote and we will get to work! ,5041,528,437,0.29,alto,,US,1,108,lead_generation,Others,label_13102000000,53,FIN-US-180-impression FIN-US-180-like,,,,,,,
7540085339566735377,https://ads.tiktok.com/business/creativecenter/topads/7540085339566735377/pc/en,,adiantamento/empréstimo,Banks say “maybe.” We say “let’s grow.” Business loans for businesses of all sizes.,4980,121,502,0.24,alto,possibly.com/business-loans,US,1,28,lead_generation,TikTok Ads Manager,label_13111000000,44,FIN-US-180-impression FIN-US-180-like,,,,,,,
7566362881743126529,https://ads.tiktok.com/business/creativecenter/topads/7566362881743126529/pc/en,NovoNordiskCanada,outros,Économies? Visitez wegovy.ca. Des exclusions peuvent s'appliquer.,4732,4,0,0.45,alto,wegovy.ca/fr,CA,1,6,reach,TikTok Ads Manager,label_13102000000,13,FIN-CA-180-impression FIN-CA-180-like,,,,,,,
7582570149196693521,https://ads.tiktok.com/business/creativecenter/topads/7582570149196693521/pc/en,,impostos/restituição,Mach die Steuer sofort fertig,4669,90,75,0.4,alto,www.buhl.de/steuer/,DE,1,43,conversion/traffic/reach,TikTok Ads Manager,label_20106000000,65,APPFIN-DE-180-ctr APPFIN-DE-180-impression APPFIN-DE-180-like,,,,,,,
7502529803120705544,https://ads.tiktok.com/business/creativecenter/topads/7502529803120705544/pc/en,justwilliamstern,adiantamento/empréstimo,Banks take weeks. Cardiff can fund same day.  Thousands of businesses funded since 2004.,4628,301,502,0.3,alto,lp.cardiff.co/small-business-loans/,US,1,10,lead_generation/conversion,TikTok Ads Manager,label_13109000000,40,FIN-US-180-impression FIN-US-180-like,,,,,,,
7610369751596204048,https://ads.tiktok.com/business/creativecenter/topads/7610369751596204048/pc/en,,banco/conta digital,Holded Wallet es la cuenta de empresa que lo reúne todo.,4594,5,69,0.44,alto,www.holded.com/es/lp-mt-cuenta-empresa-wallet,ES,1,13,conversion/lead_generation,TikTok Ads Manager,label_20106000000,49,APPFIN-ES-180-impression APPFIN-ES-180-like,,,,,,,
7361323573423161352,https://ads.tiktok.com/business/creativecenter/topads/7361323573423161352/pc/en,Possible: Fast Cash & Credit,adiantamento/empréstimo,Zero stress. Zero late fees. It’s Possible.,4591,152,62,0.32,alto,www.possiblefinance.com/,US,1,19,conversion,TikTok Ads Manager,label_20106000000,7,APPFIN-US-180-ctr APPFIN-US-180-impression APPFIN-US-180-like KW-debt-US,"Selo azul ""cash in an emergency"" sobre talking head",19,5,3,1,"6,10,16","8,10,13"
7525486976671498248,https://ads.tiktok.com/business/creativecenter/topads/7525486976671498248/pc/en,,outros,720+ Credit in 90 Days Unlimited Disputes • 72hr Results • Start Now! FullCreditSweep,4491,356,1119,0.1,alto,,US,1,69,lead_generation,TikTok Ads Manager,label_13108000000,56,FIN-US-180-impression FIN-US-180-like,,,,,,,
7501446579176030215,https://ads.tiktok.com/business/creativecenter/topads/7501446579176030215/pc/en,,seguros/indenizações,𝗜𝗻𝗷𝘂𝗿𝗲𝗱? You may have a case. We've recovered millions for clients. Book a free consultation.,4484,124,354,0.27,alto,www.sparandbernstein.com/,US,1,39,lead_generation,TikTok Ads Manager,label_13102000000,57,FIN-US-180-impression FIN-US-180-like,,,,,,,
7364521874628657153,https://ads.tiktok.com/business/creativecenter/topads/7364521874628657153/pc/en,,banco/conta digital,#iul #401k #socialsecurity #hispanosenestadosunidos #hispanosenusa #latinosenusa #jubilacion #inversion #freetaxes #sp500 #index #bank ,4437,375,1321,0.11,alto,api.whatsapp.com/send,US,1,158,traffic/lead_generation,Others,label_13110000000,58,FIN-US-180-impression FIN-US-180-like,,,,,,,
7507727050381934610,https://ads.tiktok.com/business/creativecenter/topads/7507727050381934610/pc/en,Finance Tips,banco/conta digital,Cashback Credit Cards! How to Apply Online for Lloyds Bank Credit Cards,4401,62,209,0.17,alto,moneis.org/how-to-apply-online-for-lloyds-bank-credit-cards-2/,GB,1,7,conversion,TikTok Ads Manager,label_13117000000,52,FIN-GB-180-impression FIN-GB-180-like,,,,,,,
7571268362390241287,https://ads.tiktok.com/business/creativecenter/topads/7571268362390241287/pc/en,,seguros/indenizações,¿Lesionado en un accidente? Contáctenos hoy para una CONSULTA GRATUITA. 213-263-5232,4349,47,64,0.35,alto,accident.westcoasttriallawyers.com/tiktok-lp-sp/,US,1,23,lead_generation,TikTok Ads Manager,label_13102000000,31,FIN-US-180-impression FIN-US-180-like,,,,,,,
7431728913951408129,https://ads.tiktok.com/business/creativecenter/topads/7431728913951408129/pc/en,,dívida/quitação,"Obtén una tarjeta de crédito al instante y sin anualidad de por vida. 🏷️ Meses sin intereses en miles de comercios 💵 Límite de crédito hasta $100,000 💯 100% de aprobación para una tarjeta de crédito, con o sin garantía. 🕐 Respuesta en 3 minutos 📲 Solicítala sin trámites engorrosos y sin salir de tu casa Descarga nuestra App.👇 • • • • • • • • • Klar Technologies, S.A. de C.V., S.F.P. (Klar), es una entidad financiera autorizada por la Comisión Nacional Bancaria y de Valores (“CNBV”), y supervisada por el Gobierno Federal, bajo la Ley de Ahorro y Crédito Popular. CAT Promedio 148.5% sin IVA, Informativo. Fecha de cálculo Marzo 2024.",4268,72,59,0.36,alto,www.klar.mx/credito,MX,1,21,conversion/reach,Others,label_20106000000,66,APPFIN-MX-180-ctr APPFIN-MX-180-impression APPFIN-MX-180-like,,,,,,,
7624476570972012564,https://ads.tiktok.com/business/creativecenter/topads/7624476570972012564/pc/en,MexiCash-Préstamos de crédito,adiantamento/empréstimo,"Tu confianza, nuestra mejor recompensa",4193,0,24,0.83,alto,,MX,1,30,traffic/reach,TikTok Ads Manager,label_20106000000,60,APPFIN-MX-180-impression APPFIN-MX-180-like,,,,,,,
7608930039258251280,https://ads.tiktok.com/business/creativecenter/topads/7608930039258251280/pc/en,,impostos/restituição,Easy Steuern abhaken!,4136,51,110,0.41,alto,www.buhl.de/steuer/,DE,1,22,reach/traffic/lead_generation/conversion,TikTok Ads Manager,label_20106000000,63,APPFIN-DE-180-impression APPFIN-DE-180-like,,,,,,,
7566364502766649345,https://ads.tiktok.com/business/creativecenter/topads/7566364502766649345/pc/en,NovoNordiskCanada,outros,Économies? Visitez wegovy.ca. Des exclusions peuvent s'appliquer.,4104,3,0,0.43,alto,wegovy.ca/fr,CA,1,15,reach,TikTok Ads Manager,label_13102000000,12,FIN-CA-180-impression FIN-CA-180-like,,,,,,,
7551346069382152200,https://ads.tiktok.com/business/creativecenter/topads/7551346069382152200/pc/en,,seguros/indenizações,Award-winning claims management company. Check how much you could claim now,4100,158,118,0.36,alto,,GB,1,20,lead_generation,TikTok Ads Manager,label_13102000000,54,FIN-GB-180-impression FIN-GB-180-like,,,,,,,
7476411770664894482,https://ads.tiktok.com/business/creativecenter/topads/7476411770664894482/pc/en,First4Lawyers,impostos/restituição,First4Lawyers is an award-winning claims management company. Check how much you could claim now,3965,138,254,0.39,alto,,GB,1,24,lead_generation,TikTok Ads Manager,label_13102000000,55,FIN-GB-180-impression FIN-GB-180-like,,,,,,,
7436227531507924999,https://ads.tiktok.com/business/creativecenter/topads/7436227531507924999/pc/en,Live Payments,outros,Earn up to 1 Qantas Point per $1 transacted with our exclusive Black plan. T&Cs apply.,3944,87,110,0.34,alto,,AU,1,10,lead_generation,TikTok Ads Manager,label_13999000000,22,FIN-AU-180-impression FIN-AU-180-like,,,,,,,
7514992661177450504,https://ads.tiktok.com/business/creativecenter/topads/7514992661177450504/pc/en,,seguros/indenizações,"Medical Negligence No-Win-No-Fee Claims, Learn More Now.",3876,236,19,0.35,alto,,GB,1,25,lead_generation,TikTok Ads Manager,label_13102000000,58,FIN-GB-180-impression FIN-GB-180-like,,,,,,,
7482789496519786497,https://ads.tiktok.com/business/creativecenter/topads/7482789496519786497/pc/en,,dívida/quitação,More Than 7K Debt?,3871,103,41,0.28,alto,totalsecure.typeform.com/to/otOx2M8i,GB,1,28,lead_generation,Others,label_13108000000,59,FIN-GB-180-impression FIN-GB-180-like,,,,,,,
7363977085674962960,https://ads.tiktok.com/business/creativecenter/topads/7363977085674962960/pc/en,Mediclaims Compensation claim,seguros/indenizações,Speak to an expert today for a free consultation.,3762,11,182,0.37,alto,,GB,1,19,lead_generation,TikTok Ads Manager,label_13102000000,60,FIN-GB-180-impression FIN-GB-180-like,,,,,,,
7464675599186640914,https://ads.tiktok.com/business/creativecenter/topads/7464675599186640914/pc/en,BMO,banco/conta digital,"Confirming that this is in fact, an ad… ",3761,0,31,0.44,alto,www.bmo.com/main/personal/bank-accounts/new-bank-account-offers-and-promotions-1/,CA,1,19,reach,TikTok Ads Manager,label_13102000000,7,FIN-CA-180-impression FIN-CA-180-like,,,,,,,
7429348887959273480,https://ads.tiktok.com/business/creativecenter/topads/7429348887959273480/pc/en,BMO,banco/conta digital,Feel good about investing (and skip the stressing) with personalized support from BMO adviceDirect.,3738,0,42,0.45,alto,www.bmo.com/main/personal/investments/investment-advice/,CA,1,10,reach,TikTok Ads Manager,label_13110000000,9,FIN-CA-180-impression FIN-CA-180-like,,,,,,,
7460993774569095184,https://ads.tiktok.com/business/creativecenter/topads/7460993774569095184/pc/en,pretauto60minutes,outros,Faites votre demande gratuitement dès maintenant !,3676,121,54,0.25,alto,,CA,1,12,lead_generation,TikTok Ads Manager,label_13111000000,21,FIN-CA-180-impression FIN-CA-180-like,,,,,,,
7582570289927946256,https://ads.tiktok.com/business/creativecenter/topads/7582570289927946256/pc/en,WISO Steuer – Steuererklärung,impostos/restituição,Foto machen – fertig!,3669,36,130,0.37,alto,www.buhl.de/steuer/,DE,1,72,traffic/conversion/reach,TikTok Ads Manager,label_20106000000,68,APPFIN-DE-180-ctr APPFIN-DE-180-impression APPFIN-DE-180-like,"""Die 4 besten Steuerhacks"" (talking head)",16,3,2,0,"1,24,68","27,65,67"
7517445598178754561,https://ads.tiktok.com/business/creativecenter/topads/7517445598178754561/pc/en,Karrot: Buy & sell locally,orçamento/planilha/controle de gastos,Upgrade your wardrobe on a budget,3571,44,20,0.29,alto,karrot.onelink.me/Ernw/ghoz6da2,CA/US,2,21,traffic,Others,label_20105000000,35,KW-budget-US,,,,,,,
7430522965546336263,https://ads.tiktok.com/business/creativecenter/topads/7430522965546336263/pc/en,reparemicredito,reparo de crédito,Hablenos ya!,3493,217,254,0.13,alto,www.fixmycredit.io/book,US,1,43,lead_generation/conversion,TikTok Ads Manager,label_13100000000,63,FIN-US-180-impression FIN-US-180-like,,,,,,,
7513747487740575745,https://ads.tiktok.com/business/creativecenter/topads/7513747487740575745/pc/en,Wise (ex TransferWise),banco/conta digital,The card made for travel.,3461,23,36,0.35,alto,wise.com/card/,GB/US,2,19,traffic,TikTok Creative Exchange,label_20106000000,46,APPFIN-GB-180-ctr APPFIN-GB-180-impression APPFIN-GB-180-like APPFIN-US-180-ctr APPFIN-US-180-impression APPFIN-US-180-like,,,,,,,
7540589963219795969,https://ads.tiktok.com/business/creativecenter/topads/7540589963219795969/pc/en,,seguros/indenizações,Get complete peace of mind® for less with our breakdown cover!,3461,1,240,0.36,alto,www.rac.co.uk/breakdown-cover,GB,1,38,conversion,TikTok Ads Manager,label_13102000000,44,FIN-GB-180-impression FIN-GB-180-like,,,,,,,
7567355508920139784,https://ads.tiktok.com/business/creativecenter/topads/7567355508920139784/pc/en,UK Government,investimento/aposentadoria,"UK Government defence investment is an engine for growth, delivering jobs and apprenticeships",3456,33,8,0.44,alto,defenceinvestment.campaign.gov.uk/,GB,1,15,reach/video_view/traffic,TikTok Ads Manager,label_23102000000,26,KW-bills-GB,,,,,,,
7507727500367642642,https://ads.tiktok.com/business/creativecenter/topads/7507727500367642642/pc/en,Finance Tips,banco/conta digital,Cashback Credit Cards! How to Apply Online for Lloyds Bank Credit Cards,3439,71,316,0.15,alto,moneis.org/how-to-apply-online-for-lloyds-bank-credit-cards-2/,GB,1,7,conversion,TikTok Ads Manager,label_13117000000,64,FIN-GB-180-impression FIN-GB-180-like,,,,,,,
7535759699908624392,https://ads.tiktok.com/business/creativecenter/topads/7535759699908624392/pc/en,,banco/conta digital,Fiché FICP ou FCC ? Vous pouvez quand même ouvrir un compte BLING.,3374,125,24,0.34,alto,bling.eu/apply-account,FR,1,15,lead_generation,TikTok Ads Manager,label_20106000000,59,APPFIN-FR-180-ctr APPFIN-FR-180-impression APPFIN-FR-180-like,,,,,,,
7415631697812717576,https://ads.tiktok.com/business/creativecenter/topads/7415631697812717576/pc/en,Consolidatedcreditcanada,dívida/quitação,Our trusted debt management program can help reduce total payments by up to 50%.,3362,164,126,0.36,alto,msb.consolidatedcreditcanada.ca/debt-management/,CA,1,21,lead_generation,TikTok Ads Manager,label_13108000000,22,FIN-CA-180-impression FIN-CA-180-like,,,,,,,
7438619641699713031,https://ads.tiktok.com/business/creativecenter/topads/7438619641699713031/pc/en,pretauto60minutes,outros,Faites votre demande SANS FRAIS dès maintenant!,3268,223,72,0.22,alto,,CA,1,20,lead_generation,TikTok Ads Manager,label_13111000000,23,FIN-CA-180-impression FIN-CA-180-like,,,,,,,
7147762078257250306,https://ads.tiktok.com/business/creativecenter/topads/7147762078257250306/pc/en,Possible: Fast Cash & Credit,adiantamento/empréstimo,The payday loan alternative with a fair repayment plan.,3191,22,17,0.22,alto,,US,1,27,app_install,TikTok Ads Manager,label_20106000000,13,APPFIN-US-180-ctr APPFIN-US-180-impression APPFIN-US-180-like KW-debt-US,"""I wish I would have known about this app sooner 😩"" (talking head)",41,10,5,2,"6,8,23",
7582570222436810768,https://ads.tiktok.com/business/creativecenter/topads/7582570222436810768/pc/en,WISO Steuer – Steuererklärung,impostos/restituição,,3168,16,28,0.42,alto,www.buhl.de/steuer/,DE,1,30,conversion/reach,TikTok Ads Manager,label_20106000000,69,APPFIN-DE-180-impression APPFIN-DE-180-like,,,,,,,
7564849716421591047,https://ads.tiktok.com/business/creativecenter/topads/7564849716421591047/pc/en,SADC,banco/conta digital,CDIC is a federal agency that protects your deposits in the rare event of a bank failure.,3096,6,25,0.42,alto,www.cdic.ca/depositors/basics/,CA,1,15,video_view,TikTok Ads Manager,label_13999000000,22,FIN-CA-180-impression FIN-CA-180-like,,,,,,,
7517677314000748551,https://ads.tiktok.com/business/creativecenter/topads/7517677314000748551/pc/en,,seguros/indenizações,Get complete peace of mind® for less with our breakdown cover!,3094,5,27,0.18,alto,www.rac.co.uk/breakdown-cover,GB,1,6,conversion,TikTok Ads Manager,label_13102000000,65,FIN-GB-180-impression FIN-GB-180-like,,,,,,,
7308733162452238338,https://ads.tiktok.com/business/creativecenter/topads/7308733162452238338/pc/en,,dívida/quitação,Do you have a bad credit history? Call Credit Mend Australia Today  📞 1300 425 610. Have you been turned down for finance and referred to Equifax? ☎️ 1300 425 610 📲 0414 000 165 📩 info@creditmend.com.au 🌐 www.creditmend.com.au - - - - #creditrepair #debtfree  #debtmanagement #badcreditloans #badcredit #badcreditproblems #creditrepair #creditreport #equifax #equifaxcreditrepair #creditrepair #creditrestoration #credit #creditscore #creditrepairservices #finance #financebrokersaustralia #mortgagebroker,2944,121,125,0.27,alto,,AU,1,29,lead_generation,Others,label_13108000000,25,FIN-AU-180-impression FIN-AU-180-like,,,,,,,
7565980008285290513,https://ads.tiktok.com/business/creativecenter/topads/7565980008285290513/pc/en,,adiantamento/empréstimo,"Asi nació Gestor de Créditos, la app perfecta para Prestamistas que quieren llevar el control de su negocio. Registrar Clientes, Préstamos, generar cuotas automáticas y reportes financieros. Descárgala en la App Store #Gestordecreditos #Prestamistaslatinos #Emprendedores #Negociodeprestamos # ",2920,34,60,0.2,alto,,AR/BR/CL/CO/CR/MX/PA/PE/DO/EC/GT,11,94,traffic,Others,label_20106000000,4,APPFIN-MX-180-ctr APPFIN-MX-180-impression APPFIN-MX-180-like,,,,,,,
7616346393666568193,https://ads.tiktok.com/business/creativecenter/topads/7616346393666568193/pc/en,,impostos/restituição,Nur noch bis zum 31. Juli die Steuererklärung abgeben. Mach’s schnell mit WISO Steuer.,2914,19,136,0.4,alto,www.buhl.de/steuer/,DE,1,38,conversion/reach,TikTok Ads Manager,label_20106000000,79,APPFIN-DE-180-ctr APPFIN-DE-180-impression APPFIN-DE-180-like,,,,,,,
7456927244041912336,https://ads.tiktok.com/business/creativecenter/topads/7456927244041912336/pc/en,pretauto60minutes,outros,Faites votre demande gratuitement dès maintenant !,2851,305,98,0.22,alto,,CA,1,31,lead_generation,TikTok Ads Manager,label_13111000000,25,FIN-CA-180-impression FIN-CA-180-like,,,,,,,
7532520020829110279,https://ads.tiktok.com/business/creativecenter/topads/7532520020829110279/pc/en,helios - le compte écologique,banco/conta digital,"Découvrez helios. Paiements sans frais, remises -6%, conseiller dédié.",2799,32,31,0.26,alto,www.helios.do/compte-courant/,FR,1,34,traffic,TikTok Ads Manager,label_20106000000,13,APPFIN-FR-180-ctr APPFIN-FR-180-impression APPFIN-FR-180-like,,,,,,,
7578547528649965584,https://ads.tiktok.com/business/creativecenter/topads/7578547528649965584/pc/en,,banco/conta digital,Join the millions using Chime,2788,41,27,0.4,alto,www.chime.com/join/campaigns/chime-card/,US,1,17,video_view/lead_generation/reach,TikTok Ads Manager,label_20106000000,47,APPFIN-US-180-ctr APPFIN-US-180-impression APPFIN-US-180-like,,,,,,,
7540589308789702664,https://ads.tiktok.com/business/creativecenter/topads/7540589308789702664/pc/en,,seguros/indenizações,Get complete peace of mind® for less with our breakdown cover!,2768,2,104,0.37,alto,www.rac.co.uk/breakdown-cover,GB,1,28,conversion,TikTok Ads Manager,label_13102000000,54,FIN-GB-180-impression FIN-GB-180-like,,,,,,,
7616346405065949200,https://ads.tiktok.com/business/creativecenter/topads/7616346405065949200/pc/en,,impostos/restituição,"Sieh sofort, was du bekommst – Hol dir dein Geld zurück.",2744,35,153,0.41,alto,www.buhl.de/steuer/,DE,1,33,reach/conversion,TikTok Ads Manager,label_20106000000,84,APPFIN-DE-180-impression APPFIN-DE-180-like,,,,,,,
6993004410688520194,https://ads.tiktok.com/business/creativecenter/topads/6993004410688520194/pc/en,Fairstone,adiantamento/empréstimo,"Personal loans up to $60,000",2710,0,6,0.43,alto,loan.fairstone.ca/get-started/loan/,CA,1,19,conversion/video_view/traffic,TikTok Ads Manager,label_13111000000,26,FIN-CA-180-impression FIN-CA-180-like,,,,,,,
7645212469946794005,https://ads.tiktok.com/business/creativecenter/topads/7645212469946794005/pc/en,,impostos/restituição,Nur noch bis zum 31. Juli die Steuererklärung abgeben. Mach’s schnell mit WISO Steuer.,2671,9,24,0.46,alto,www.buhl.de/steuer/,DE,1,28,lead_generation/conversion/reach,TikTok Ads Manager,label_20106000000,78,APPFIN-DE-180-impression APPFIN-DE-180-like,,,,,,,
7464673508309270536,https://ads.tiktok.com/business/creativecenter/topads/7464673508309270536/pc/en,BMO,banco/conta digital,It’s never fee-squito season when you save with BMO. ,2659,0,18,0.44,alto,www.bmo.com/main/personal/bank-accounts/new-bank-account-offers-and-promotions-1/,CA,1,15,reach,TikTok Ads Manager,label_13102000000,8,FIN-CA-180-impression FIN-CA-180-like,,,,,,,
7584384960502759432,https://ads.tiktok.com/business/creativecenter/topads/7584384960502759432/pc/en,,seguros/indenizações,Check your eligibility today!,2526,64,218,0.33,médio,form.refly.org/en-gb/claim/,IT/GR/UA/FI/BE/CZ/NL/FR/CH/PL/AT/SE/DE/RO/PT/DK/GB/ES/IE/HU/US/CA/AE/NO/IL/QA/VN/AU/NZ/TR/SA/BY,32,48,lead_generation,TikTok Ads Manager,label_13102000000,26,FIN-AU-180-impression FIN-AU-180-like FIN-CA-180-impression FIN-CA-180-like FIN-GB-180-impression FIN-GB-180-like FIN-US-180-impression FIN-US-180-like,,,,,,,
7555843801102614545,https://ads.tiktok.com/business/creativecenter/topads/7555843801102614545/pc/en,UK Government,investimento/aposentadoria,Increased government defence spending boosts local economic growth and job opportunities.,2519,11,0,0.46,alto,defenceinvestment.campaign.gov.uk/northern-ireland/,GB,1,10,reach,TikTok Ads Manager,label_23102000000,30,KW-spending-GB,,,,,,,
7571432329320169480,https://ads.tiktok.com/business/creativecenter/topads/7571432329320169480/pc/en,Steve Jhonson,outros,Find Out What You’re Eligible for in Minutes,2484,99,72,0.04,alto,track.savingsbetter.co/bb7b4903-715a-42c8-9bd7-7fd98a7f11b2,US,1,32,lead_generation,TikTok Ads Manager,label_13102000000,66,FIN-US-180-impression FIN-US-180-like,,,,,,,
7321507802726907906,https://ads.tiktok.com/business/creativecenter/topads/7321507802726907906/pc/en,invisalign,orçamento/planilha/controle de gastos,Find a doctor to explore options to fit your budget.,2484,2,42,0.22,alto,www.invisalign.com/find-a-doctor,US/CA,2,19,lead_generation/conversion,TikTok Ads Manager,label_14100000000,22,KW-budget-US,,,,,,,
7585474860035506183,https://ads.tiktok.com/business/creativecenter/topads/7585474860035506183/pc/en,Sun Life Canada,investimento/aposentadoria,Be prepared for whatever your next chapter brings.,2334,0,24,0.42,alto,www.sunlife.ca/en/investments/,CA,1,6,video_view,TikTok Ads Manager,label_13102000000,27,FIN-CA-180-impression FIN-CA-180-like,,,,,,,
7386682362324647944,https://ads.tiktok.com/business/creativecenter/topads/7386682362324647944/pc/en,kegg,outros,"The fertility tracker trusted by 100,000+ couples. Get pregnant in 6 months or your money back!",2331,53,138,0.23,alto,kegg.tech/pages/affordable-fertility-tracker-kegg-tiktok-offer,US,1,43,conversion/reach,TikTok Ads Manager,label_14107000000,11,KW-money_tracker-US,,,,,,,
7547779783473872914,https://ads.tiktok.com/business/creativecenter/topads/7547779783473872914/pc/en,,outros,Explore Our Top-Rated Auto Protection Plans for Ultimate Peace of Mind. Sign up & Get $300 off Now!,2325,57,58,0.26,alto,autoprotectionplans.com/,US,1,18,lead_generation,Others,label_13102000000,68,FIN-US-180-impression FIN-US-180-like,,,,,,,
7608930014091952129,https://ads.tiktok.com/business/creativecenter/topads/7608930014091952129/pc/en,,impostos/restituição,Check kostenlos deine Erstattung,2321,18,20,0.45,alto,www.buhl.de/steuer/,DE,1,37,lead_generation/conversion/traffic/reach,TikTok Ads Manager,label_20106000000,73,APPFIN-DE-180-impression APPFIN-DE-180-like,,,,,,,
7571223556143611912,https://ads.tiktok.com/business/creativecenter/topads/7571223556143611912/pc/en,GEICO,outros,Be safe and save with GEICO.,2319,19,51,0.12,alto,www.geico.com/landingpage/go521/,US,1,10,traffic,TikTok Ads Manager,label_13102000000,27,FIN-US-180-impression FIN-US-180-like,,,,,,,
7475076532290764807,https://ads.tiktok.com/business/creativecenter/topads/7475076532290764807/pc/en,Level Up | Secure Your Family,outros,Keep your loved ones safe! Learn how you can set up a policy today -- Book a call with our team,2294,48,258,0.13,alto,,US,1,7,lead_generation,TikTok Ads Manager,label_13102000000,70,FIN-US-180-impression FIN-US-180-like,,,,,,,
7524200908517474322,https://ads.tiktok.com/business/creativecenter/topads/7524200908517474322/pc/en,,outros,Automate your IRD logbook with GOFAR. Order yours today!,2290,17,51,0.32,alto,www.gofar.co/logbook-auto,AU/NZ,2,46,conversion,TikTok Ads Manager,label_20106000000,43,APPFIN-AU-180-ctr APPFIN-AU-180-impression APPFIN-AU-180-like,,,,,,,
7501432935901822983,https://ads.tiktok.com/business/creativecenter/topads/7501432935901822983/pc/en,,seguros/indenizações,𝗜𝗻𝗷𝘂𝗿𝗲𝗱? You may have a case. We've recovered millions for clients. Book a free consultation.,2286,64,195,0.27,alto,www.sparandbernstein.com/,US,1,51,lead_generation,TikTok Ads Manager,label_13102000000,71,FIN-US-180-impression FIN-US-180-like,,,,,,,
7542792405067317265,https://ads.tiktok.com/business/creativecenter/topads/7542792405067317265/pc/en,,orçamento/planilha/controle de gastos,"¿Siempre se te va la plata y no sabes en qué? 👀💸 Con TuDinero tienes una plantilla en Google Sheets que organiza tus ingresos, gastos y ahorros de forma automática 📊✨ Llévala hoy por solo S/.12 y recibe 3 bonos exclusivos 🎁",2284,42,112,0.36,médio,www.plantilleate.com/tu-dinero,PE/CO/CR/EC/MX/PY/UY/AR/CL/PR/DO/PA/BR/BO/GT,15,54,conversion,Others,label_20106000000,70,APPFIN-MX-180-ctr APPFIN-MX-180-impression APPFIN-MX-180-like,"""Te presento tu nueva plantilla financiera mensual — Diseñada para organizar tus ingresos, gastos, ahorros e inversiones en un solo lugar"" (monitor)",18,6,4,1,"1,4,8","22,36,44"
7582881065137143826,https://ads.tiktok.com/business/creativecenter/topads/7582881065137143826/pc/en,,outros,"Jetzt gutfeel herunterladen, Umfragen beantworten & Geld verdienen!",2281,39,20,0.24,alto,app.gutfeel.de/install/tiktok-januar-30,CH/DE,2,33,traffic,TikTok Ads Manager,label_20106000000,9,APPFIN-DE-180-ctr APPFIN-DE-180-like,,,,,,,
7494598662287474705,https://ads.tiktok.com/business/creativecenter/topads/7494598662287474705/pc/en,,remessas/câmbio,ACE MONEY TRANSFER - SEND EASY #sendeasy #sendmoney #moneytransfer #acemoneytransfer,2272,19,18,0.44,alto,acemoneytransfer.eu.go.link/acemoneytransfer.com/send-money,AU/GB/GR/RO/LV/SK/SI/CY/FI/PT/IT/DK/SE/NO/FR/DE/CH/LT/IE/EE/CZ/NL/PL/CA/ES/AT/BE,27,38,traffic,Others,label_20106000000,70,APPFIN-AU-180-impression APPFIN-AU-180-like APPFIN-CA-180-ctr APPFIN-CA-180-impression APPFIN-CA-180-like APPFIN-DE-180-impression APPFIN-DE-180-like APPFIN-ES-180-impression APPFIN-ES-180-like APPFIN-FR-180-impression APPFIN-FR-180-like APPFIN-GB-180-impression APPFIN-GB-180-like,,,,,,,
7608930159224340497,https://ads.tiktok.com/business/creativecenter/topads/7608930159224340497/pc/en,,impostos/restituição,Foto machen – fertig!,2270,39,46,0.43,alto,www.buhl.de/steuer/,DE,1,31,reach/conversion/traffic/lead_generation,TikTok Ads Manager,label_20106000000,70,APPFIN-DE-180-impression APPFIN-DE-180-like,,,,,,,
7460675499044896784,https://ads.tiktok.com/business/creativecenter/topads/7460675499044896784/pc/en,Skycop - flight delay compensation claim,seguros/indenizações,Skycop: Járati hálózat kártérítésére optimalizálva,2265,80,75,0.41,alto,www.skycop.com/ro/,RO/FI/GR/EE/CZ/CY/LT/DK/SE/FR/NL/RS/PL/PT/NO/IE/SK/ES/HU/LV/DE/SI/AT/HR/BE/GB/BG/IT/CH/TR,30,25,conversion/lead_generation,TikTok Ads Manager,label_13102000000,47,FIN-GB-180-impression FIN-GB-180-like,,,,,,,
7480590373745016849,https://ads.tiktok.com/business/creativecenter/topads/7480590373745016849/pc/en,First4Lawyers,impostos/restituição,First4Lawyers is an award-winning claims management company. Check how much you could claim now,2262,100,145,0.39,alto,,GB,1,24,lead_generation,TikTok Video Editor,label_13102000000,68,FIN-GB-180-impression FIN-GB-180-like,,,,,,,
7490806263535599623,https://ads.tiktok.com/business/creativecenter/topads/7490806263535599623/pc/en,GCash,banco/conta digital,"From everyday payments to financial growth, GCash does it all. Get it now!",2256,73,22,0.09,alto,new.gcash.com/getting-started,PH/US,2,26,traffic,TikTok Ads Manager,label_20106000000,3,APPFIN-US-180-ctr APPFIN-US-180-impression APPFIN-US-180-like KW-bills-US KW-savings-US,,,,,,,
7551605103632220167,https://ads.tiktok.com/business/creativecenter/topads/7551605103632220167/pc/en,AmericanExpress,banco/conta digital,Want tickets? Pre-Sale tickets get you to the front of the line with Amex. T&Cs apply.,2242,1,19,0.43,alto,www.americanexpress.com/en-au/credit-cards/membership-benefits/why-amex/,AU,1,10,reach,TikTok Ads Manager,label_13117000000,13,FIN-AU-180-impression FIN-AU-180-like,,,,,,,
7456750541671088144,https://ads.tiktok.com/business/creativecenter/topads/7456750541671088144/pc/en,Medical Negligence Claims,seguros/indenizações,Speak to an expert today for a free consultation.,2240,4,197,0.38,alto,,GB,1,23,lead_generation,TikTok Ads Manager,label_13102000000,71,FIN-GB-180-impression FIN-GB-180-like,,,,,,,
7553989099754078226,https://ads.tiktok.com/business/creativecenter/topads/7553989099754078226/pc/en,helios - le compte écologique,banco/conta digital,"Ton argent à la banque pollue. Pas avec helios, le compte le plus vert de France.",2231,12,7,0.27,alto,www.helios.do/compte-commun/,FR,1,34,traffic,TikTok Ads Manager,label_20106000000,16,APPFIN-FR-180-ctr APPFIN-FR-180-impression APPFIN-FR-180-like,"Céu azul + ""Ça fait 8 mois qu'on voyage""",17,4,1,0,"1,26,28",
7606170024868593665,https://ads.tiktok.com/business/creativecenter/topads/7606170024868593665/pc/en,,seguros/indenizações,Delayed or cancelled flight in the last 3 years? Get up to US $650 in compensation!,2219,34,55,0.32,alto,form.refly.org/en-gb/claim,US/NO/SE/DK/FI/CH/IE/GB/ES/IT/DE/AT/FR/BE/PL/UA/NL/CZ/GR/RO/NZ/HU/AE/PT/CA/TR/QA/AU,28,40,lead_generation,TikTok Ads Manager,label_13102000000,29,FIN-AU-180-impression FIN-AU-180-like FIN-CA-180-impression FIN-CA-180-like FIN-GB-180-impression FIN-GB-180-like FIN-US-180-impression FIN-US-180-like,,,,,,,
7528463474118656007,https://ads.tiktok.com/business/creativecenter/topads/7528463474118656007/pc/en,kegg,outros,"The fertility tracker trusted by 100,000+ couples. Get pregnant in 6 months or your money back!",2215,33,69,0.27,alto,kegg.tech/pages/affordable-fertility-tracker-kegg-tiktok-offer,US,1,48,conversion/reach,TikTok Ads Manager,label_14107000000,16,KW-money_tracker-US,,,,,,,
7462540246569598993,https://ads.tiktok.com/business/creativecenter/topads/7462540246569598993/pc/en,BillShredder,seguros/indenizações,New Safe Driver Discount Now Available!,2182,187,37,0.16,alto,www.thepennysaver.org/67fd706eacbf8e7c228117f4,US,1,29,conversion/lead_generation,TikTok Ads Manager,label_13102000000,74,FIN-US-180-impression FIN-US-180-like,,,,,,,
7627102860259049479,https://ads.tiktok.com/business/creativecenter/topads/7627102860259049479/pc/en,,seguros/indenizações,This website helps drivers save money,2169,140,176,0.16,alto,trk.savifynow.com/cf/r/69f32c744484a10012341261,US,1,34,lead_generation,TikTok Ads Manager,label_13102000000,75,FIN-US-180-impression FIN-US-180-like,,,,,,,
7615563542144073745,https://ads.tiktok.com/business/creativecenter/topads/7615563542144073745/pc/en,Đèn Nhà Tôi,outros,Explore tesoxa: Your Gateway to Enhanced Computer Performance,2164,153,2,0.41,alto,xungcancnh.com/,ID/VN/LK/IE/CH/MA/NO/IT/JP/DE/AU/BR/MY/HU/AT/OM/AE/SA/PR/KH/TH/ES/SE/BO/PY/PA/NZ/RO/PK/BE/GR/FI/UY/KR/CZ/GB/QA/ZA/FR/DK/SG/IL/US/AZ/BD/CR/CA/LB/NG/TR/KE/GT/BY/DZ/BH/AR/KZ/DO/EG/KW/IQ/PL/PH/NL/PT,65,8,lead_generation/traffic/reach/video_view/conversion/product_sales,TikTok Ads Manager,label_13999000000,30,FIN-AU-180-impression FIN-AU-180-like FIN-CA-180-impression FIN-CA-180-like FIN-GB-180-impression FIN-GB-180-like FIN-US-180-impression FIN-US-180-like,,,,,,,
7525018070001860626,https://ads.tiktok.com/business/creativecenter/topads/7525018070001860626/pc/en,,dívida/quitação,Accept payments with up to 0% fees! Reduce your transaction costs and access your funds instantly.,2159,44,58,0.38,alto,www.viva.com/en-gb/product/in-person-payments,GB,1,16,video_view/lead_generation,TikTok Ads Manager,label_20106000000,74,APPFIN-GB-180-ctr APPFIN-GB-180-impression APPFIN-GB-180-like,,,,,,,
7616346403006709761,https://ads.tiktok.com/business/creativecenter/topads/7616346403006709761/pc/en,,impostos/restituição,"Sieh sofort, was du bekommst – Hol dir dein Geld zurück.",2134,32,30,0.42,alto,www.buhl.de/steuer/,DE,1,31,reach/conversion,TikTok Ads Manager,label_20106000000,84,APPFIN-DE-180-impression APPFIN-DE-180-like,,,,,,,
7094602256499933186,https://ads.tiktok.com/business/creativecenter/topads/7094602256499933186/pc/en,autofixcreditquebec,adiantamento/empréstimo,Taux et conditions varient selon le profil de crédit. Sous réserve d'approbation.,2128,90,193,0.35,alto,genius.autofixcredit.ca/vehicules-quebec-f250/,CA,1,51,conversion/lead_generation,TikTok Ads Manager,label_13109000000,37,FIN-CA-180-impression FIN-CA-180-like,,,,,,,
7571844643602006023,https://ads.tiktok.com/business/creativecenter/topads/7571844643602006023/pc/en,,banco/conta digital,Ouvrez un compte courant helios et payez facilement avec Apple Pay,2106,78,7,0.29,alto,www.helios.do/,FR,1,46,traffic,TikTok Ads Manager,label_20106000000,25,APPFIN-FR-180-ctr APPFIN-FR-180-impression APPFIN-FR-180-like,,,,,,,
7626265623547887636,https://ads.tiktok.com/business/creativecenter/topads/7626265623547887636/pc/en,,impostos/restituição,Nur noch bis zum 31. Juli die Steuererklärung abgeben. Mach’s schnell mit WISO Steuer.,2101,10,14,0.44,alto,www.buhl.de/steuer/,DE,1,15,reach/conversion/lead_generation,TikTok Ads Manager,label_20106000000,62,APPFIN-DE-180-impression APPFIN-DE-180-like,,,,,,,
7608930051127558161,https://ads.tiktok.com/business/creativecenter/topads/7608930051127558161/pc/en,,impostos/restituição,Check kostenlos deine Erstattung,2084,19,35,0.42,alto,www.buhl.de/steuer/,DE,1,24,lead_generation/reach/traffic/conversion,TikTok Ads Manager,label_20106000000,76,APPFIN-DE-180-impression APPFIN-DE-180-like,,,,,,,
7456439982178385921,https://ads.tiktok.com/business/creativecenter/topads/7456439982178385921/pc/en,,outros,Still tracking mileage in paper logbooks? GOFAR does it automatically + keeps your logbook IRD-ready,2073,37,113,0.29,baixo,www.gofar.co/logbook-auto,AU/NZ,2,60,conversion,TikTok Ads Manager,label_20106000000,21,APPFIN-AU-180-ctr APPFIN-AU-180-impression APPFIN-AU-180-like,,,,,,,
7608596123851767825,https://ads.tiktok.com/business/creativecenter/topads/7608596123851767825/pc/en,,outros,Agiliza la gestión de tu negocio,2048,13,11,0.45,alto,www.holded.com/es/lp-mt-openspace-human-leadership,ES,1,15,lead_generation/conversion,TikTok Ads Manager,label_20106000000,62,APPFIN-ES-180-impression APPFIN-ES-180-like,,,,,,,
7608930152521678865,https://ads.tiktok.com/business/creativecenter/topads/7608930152521678865/pc/en,,impostos/restituição,Easy Steuern abhaken!,2012,25,41,0.4,alto,www.buhl.de/steuer/,DE,1,30,conversion/lead_generation/reach/traffic,TikTok Ads Manager,label_20106000000,81,APPFIN-DE-180-ctr APPFIN-DE-180-impression APPFIN-DE-180-like,,,,,,,
7599982449733009424,https://ads.tiktok.com/business/creativecenter/topads/7599982449733009424/pc/en,,impostos/restituição,I think this quite a HUGE pro for going to uni from me xoxoxox Make student housing easy with the @housruk app 🌟🤟 #ad #student #uni #bills #toptips ,2006,11,3,0.28,alto,www.housr.com/uk/rental/reading,GB,1,74,lead_generation,Others,label_20107000000,9,KW-debt-GB,,,,,,,
7507201842587500562,https://ads.tiktok.com/business/creativecenter/topads/7507201842587500562/pc/en,RAC,seguros/indenizações,Get complete peace of mind® for less with our breakdown cover!,2005,53,51,0.35,alto,www.rac.co.uk/breakdown-cover,GB,1,10,conversion,TikTok Ads Manager,label_13102000000,46,FIN-GB-180-impression FIN-GB-180-like,,,,,,,
7488023812916232199,https://ads.tiktok.com/business/creativecenter/topads/7488023812916232199/pc/en,OnlyFunds,investimento/aposentadoria,OnlyFunds: Where Influencers Invest,1992,2,4,0.25,médio,apps.apple.com/us/app/onlyfunds/id6759209678,US,1,22,reach,Others,label_13110000000,78,FIN-US-180-impression FIN-US-180-like,,,,,,,
7595000199393034248,https://ads.tiktok.com/business/creativecenter/topads/7595000199393034248/pc/en,,seguros/indenizações,Get up to €600 of compensation per passenger!,1982,21,26,0.34,médio,form.refly.org/en-gb/claim/,GB/IE/ES/HU/MY/SA/NL/VN/OM/IT/SE/LB/MA/TH/BO/AT/BH/PK/UA/AR/JP/BE/ZA/SG/RO/AE/BD/FR/AZ/TR/KZ/FI/PL/DZ/KH/EG/LK/AU/PY/KW/CR/NG/CA/KE/QA/PT/DE/IL/IQ/DO/UY/BY/PH/NZ/CH/PA/GT/GR/KR/ID/NO/DK/CZ/US,64,31,lead_generation,TikTok Ads Manager,label_13102000000,31,FIN-AU-180-impression FIN-AU-180-like FIN-CA-180-impression FIN-CA-180-like FIN-GB-180-impression FIN-GB-180-like FIN-US-180-impression FIN-US-180-like,,,,,,,
7571547946988077063,https://ads.tiktok.com/business/creativecenter/topads/7571547946988077063/pc/en,,seguros/indenizações,Delayed or cancelled flight in the last 3 years? Get up to US $650 in compensation!,1979,41,30,0.33,médio,form.refly.org/en-gb/claim,CH/IE/GB/ES/FI/IT/DE/AT/FR/BE/NO/PL/DK/UA/SE/NL/CZ/GR/RO/US/AE/AZ/MA/BO/VN/KH/EG/NG/BD/IL/DO/AU/TR/HU/CR/KE/DZ/GT/PT/PY/KW/IQ/BY/PH/ID/SG/KZ/PK/MY/CA/AR/UY/BH/JP/SA/OM/PA/ZA/NZ/KR/TH/LK/LB/QA,64,45,lead_generation,TikTok Ads Manager,label_13102000000,32,FIN-AU-180-impression FIN-AU-180-like FIN-CA-180-impression FIN-CA-180-like FIN-GB-180-impression FIN-GB-180-like FIN-US-180-impression FIN-US-180-like,,,,,,,
7582549613954678785,https://ads.tiktok.com/business/creativecenter/topads/7582549613954678785/pc/en,WISO Steuer – Steuererklärung,impostos/restituição,Easy Steuern abhaken!,1973,21,17,0.44,alto,www.buhl.de/steuer/,DE,1,11,conversion/lead_generation/reach,TikTok Ads Manager,label_20106000000,77,APPFIN-DE-180-impression APPFIN-DE-180-like,,,,,,,
7341097323706777602,https://ads.tiktok.com/business/creativecenter/topads/7341097323706777602/pc/en,,outros,Get your Will Kit and Burial Guide for Veterans today! ,1973,54,239,0.26,alto,,US,1,11,lead_generation,Others,label_13102000000,74,FIN-US-180-impression FIN-US-180-like,,,,,,,
7415631550920736776,https://ads.tiktok.com/business/creativecenter/topads/7415631550920736776/pc/en,pretauto60minutes,adiantamento/empréstimo,Prêt Auto spécialisé pour nouvel arrivant !,1945,116,204,0.27,alto,,CA,1,30,lead_generation,TikTok Ads Manager,label_13111000000,40,FIN-CA-180-impression FIN-CA-180-like,,,,,,,
7602763972203249671,https://ads.tiktok.com/business/creativecenter/topads/7602763972203249671/pc/en,,seguros/indenizações,Tu accidente vale más de lo que te ofrecen,1917,35,47,0.35,alto,,US,1,28,lead_generation,TikTok Ads Manager,label_13102000000,82,FIN-US-180-impression FIN-US-180-like,,,,,,,
7608930011802173457,https://ads.tiktok.com/business/creativecenter/topads/7608930011802173457/pc/en,,impostos/restituição,Foto machen – fertig!,1901,15,35,0.43,alto,www.buhl.de/steuer/,DE,1,39,conversion/traffic/lead_generation/reach,TikTok Ads Manager,label_20106000000,85,APPFIN-DE-180-impression APPFIN-DE-180-like,,,,,,,
7525014571419025415,https://ads.tiktok.com/business/creativecenter/topads/7525014571419025415/pc/en,,dívida/quitação,Maximise your revenue with instant payments and full control over your transactions.,1893,39,55,0.39,alto,www.viva.com/en-gb/product/in-person-payments,GB,1,16,video_view/lead_generation,TikTok Ads Manager,label_13999000000,53,FIN-GB-180-impression FIN-GB-180-like,,,,,,,
7459436872609890322,https://ads.tiktok.com/business/creativecenter/topads/7459436872609890322/pc/en,BillShredder,seguros/indenizações,New Safe Driver Discount Now Available!,1884,70,4,0.19,médio,www.doesmyzipqualify.com/67f4814bd172f2ccd8a415b6,US,1,24,lead_generation/conversion,TikTok Ads Manager,label_13102000000,83,FIN-US-180-impression FIN-US-180-like,,,,,,,
7498668704831569921,https://ads.tiktok.com/business/creativecenter/topads/7498668704831569921/pc/en,,outros,@NapoPet ticks all the boxes 💙 #dachshund #sausagedog #puppy #cute #longhairdachshund #summer ,1884,10,16,0.16,alto,www.napo.pet/,GB,1,20,lead_generation,Others,label_13102000000,78,FIN-GB-180-impression FIN-GB-180-like,,,,,,,
7626490611708854293,https://ads.tiktok.com/business/creativecenter/topads/7626490611708854293/pc/en,,outros,¿Sueñas con comprar casa en Virginia? Conoce cómo recibir el 3.5% del valor de la propiedad.,1870,110,170,0.27,alto,,US,1,16,lead_generation,TikTok Ads Manager,label_13999000000,84,FIN-US-180-impression FIN-US-180-like,,,,,,,
7608930133046689793,https://ads.tiktok.com/business/creativecenter/topads/7608930133046689793/pc/en,,impostos/restituição,Die App mit Gratis-Erstattungs-Check,1851,7,11,0.41,alto,www.buhl.de/steuer/,DE,1,36,conversion/reach/lead_generation/traffic,TikTok Ads Manager,label_20106000000,75,APPFIN-DE-180-ctr APPFIN-DE-180-impression,,,,,,,
7428591047637876754,https://ads.tiktok.com/business/creativecenter/topads/7428591047637876754/pc/en,pretauto60minutes,outros,Voitures pour nouveaux arrivants ! Appliquez en 30 secondes.,1849,181,156,0.22,alto,,CA,1,19,lead_generation,TikTok Ads Manager,label_13111000000,41,FIN-CA-180-impression FIN-CA-180-like,,,,,,,
7650928272181166101,https://ads.tiktok.com/business/creativecenter/topads/7650928272181166101/pc/en,,banco/conta digital,"🚨 أنقذونا | Rettet uns 🚨 🏃‍♂️ “بالله عليك أنقذونا!” في مدينة فورتسبورغ… جالية كبيرة، آلاف المسلمين، وحتى الآن لا يملكون مسجدًا يضمهم ويجمع أبناءهم. مكانٌ للصلاة… للتربية… للأبناء… ولحفظ الهوية. كل يوم يمر… والحاجة تكبر. لكن بفضل الله… الهدف أصبح قريبًا، ولم يتبقَّ إلا القليل. اليوم نستنجد بقلوبكم: ساهموا معنا في بناء بيتٍ لله… مكانٍ قد يكون سببًا في صلاة، أو دمعة خشوع، أو طفلٍ يتعلم القرآن… فيكون ذلك في ميزان حسناتكم إلى يوم القيامة. لا تتركوا هذه الفرصة تفوتكم… أنقذوا حلم جالية كاملة. شارك… ادعم… كن سببًا. 🚨 Rettet uns | أنقذونا 🚨 🏃‍♂️ „Bitte… rettet uns!“ In Würzburg lebt eine große muslimische Gemeinschaft – doch bis heute gibt es noch keine eigene Moschee, die sie vereint. Ein Ort für Gebet, Bildung, unsere Kinder und unsere Zukunft. Der Bedarf ist groß… doch das Ziel ist – mit Allahs Hilfe – zum Greifen nah. Es fehlt nur noch wenig. Heute rufen wir euch auf: Helft mit beim Aufbau eines Hauses Allahs. Ein Ort, an dem jedes Gebet, jedes gelernte Wort Quran und jede gute Tat auch zu euren Hasanāt werden kann. Verpasst diese Sadaqa Jariya nicht. Rettet den Traum einer ganzen Gemeinschaft. Spendet… teilt… seid ein Grund für Veränderung. 🔗 Spendenlink: https://ig-wuerzburg.de/en/masjed-projekt/quick-donate Bankverbindung: Empfänger: Islamische Gemeinschaft Würzburg e.V. Bank: Sparkasse Mainfranken Würzburg IBAN: DE92 7905 0000 0048 5980 07 BIC: BYLADEM1SWU Verwendungszweck: Moschee bau #moscheebau #صدقة_جارية #تبرعات_خيرية #بناء_مسجد #islam #bau #مسجد #العشر_من_ذي_الحجة #تبرع #donate #fundraising #mosque #nonprofit #helpingothers #helping #sadaqahjariya #zakat #Würzburg #moschee",1848,75,117,0.53,baixo,ig-wuerzburg.de/masjed-projekt/quick-donate,FR/NL/AT/CH/DK/DE/FI/GB/RO/NO/BE/SE/IT/IE/ES,15,26,conversion,Others,label_13115000000,79,FIN-GB-180-impression FIN-GB-180-like,,,,,,,
7628589228377669653,https://ads.tiktok.com/business/creativecenter/topads/7628589228377669653/pc/en,,impostos/restituição,Millionenfach bewährt. Jetzt App laden.,1827,11,26,0.42,alto,www.buhl.de/steuer/,DE,1,27,conversion/lead_generation/reach,TikTok Ads Manager,label_20106000000,67,APPFIN-DE-180-impression,,,,,,,
7535101308271181825,https://ads.tiktok.com/business/creativecenter/topads/7535101308271181825/pc/en,,outros,That‘s incredible! 😳 #stockmarket #technicalanalysis #stockmarketeducation #financialeducation #stocks,1814,12,24,0.25,médio,start.chartdetectorai.com/,CY/RS/LT/EE/RO/HR/HU/SK/GR/CZ/SI/LV/PL/CA/NZ/AU/DK/FI/NO/SE/IE/GB/US/BE/NL/IL/AE/SA/TR/KW/QA/JP/KR/TW,34,19,conversion,Others,label_20106000000,8,APPFIN-AU-180-ctr APPFIN-AU-180-impression APPFIN-AU-180-like APPFIN-CA-180-ctr APPFIN-CA-180-impression APPFIN-CA-180-like APPFIN-GB-180-ctr APPFIN-GB-180-impression APPFIN-GB-180-like APPFIN-US-180-ctr APPFIN-US-180-impression APPFIN-US-180-like,,,,,,,
7432414024581677073,https://ads.tiktok.com/business/creativecenter/topads/7432414024581677073/pc/en,,adiantamento/empréstimo,"49.5% Rep APR (variable).  Warning: late repayments can cause you serious  money problems. For help,  go to the ‘Money Helper’ website. We are a broker,  not a lender. We may receive a commission from the lender. #loan #badcredit #borrow ",1803,28,55,0.17,alto,collectloan.co.uk/tt,GB,1,15,conversion,Others,label_13111000000,65,FIN-GB-180-impression FIN-GB-180-like,,,,,,,
7306305630078926849,https://ads.tiktok.com/business/creativecenter/topads/7306305630078926849/pc/en,Your_safety,outros,Learn more,1796,8,293,0.09,alto,zhsz83.rhpvrw.com/,CA/AU/GB/US/ZA/SG,6,15,conversion/lead_generation/traffic,TikTok Ads Manager,label_13102000000,33,FIN-AU-180-impression FIN-AU-180-like FIN-CA-180-impression FIN-CA-180-like FIN-GB-180-impression FIN-GB-180-like FIN-US-180-impression FIN-US-180-like,,,,,,,
7605617665731051528,https://ads.tiktok.com/business/creativecenter/topads/7605617665731051528/pc/en,BLING - Un compte sans stress,adiantamento/empréstimo,Jusqu'à 100€ d'avance sans frais ni intérêts. Sous réserve d'éligibilité.,1783,49,7,0.34,alto,bling.eu/apply-account,FR,1,10,lead_generation,TikTok Ads Manager,label_20106000000,57,APPFIN-FR-180-ctr APPFIN-FR-180-impression APPFIN-FR-180-like,,,,,,,
7392353325373571088,https://ads.tiktok.com/business/creativecenter/topads/7392353325373571088/pc/en,,impostos/restituição,This is how to MAXIMIZE your paycheck. 💰 #moneytips #wealth #wealthy #rich #richlife #millionaire  #moneymindset #moneymotivated #tax #taxes #paycheck #paystub #moneytip #moneytoks #moneytok ,1768,33,219,0.18,alto,,US,1,59,lead_generation,Others,label_23102000000,4,KW-paycheck-US,"Especialista (Loral Langemeier) — ""paycheck,"" legenda palavra a palavra",43,18,11,3,"2,52,55",19
7231219034570014721,https://ads.tiktok.com/business/creativecenter/topads/7231219034570014721/pc/en,,orçamento/planilha/controle de gastos,"Tired or having bad credit? 😢What does having bad credit really mean? 🤔 Obtain a FREE credit evaluation 📈 “Excellent Credit Better Opportunities” 🏠🚘💳✈️ * Phone: (305) 433-4122 Address: 8459 Coral Way Miami, FL 33155 Hours: Monday-Friday 9am-7pm               Saturday-Sunday 10am-2pm #apluscreditservices #creditbuilding #credit #creditscore #finance ",1762,24,61,0.22,alto,goapluscredit.com/home-page,US,1,30,lead_generation,Others,label_13108000000,87,FIN-US-180-impression FIN-US-180-like,,,,,,,
7436801919593168914,https://ads.tiktok.com/business/creativecenter/topads/7436801919593168914/pc/en,pretauto60minutes,outros,Faites votre demande gratuitement dès maintenant!,1755,128,75,0.22,alto,,CA,1,22,lead_generation,TikTok Ads Manager,label_13111000000,43,FIN-CA-180-impression FIN-CA-180-like,,,,,,,
7615105828870438929,https://ads.tiktok.com/business/creativecenter/topads/7615105828870438929/pc/en,Vital Care,outros,Explore weight-loss support from $147/month,1710,0,171,0.1,alto,directmeds.com/dm-offers-tt-c/,US,1,48,conversion,TikTok Ads Manager,label_13102000000,89,FIN-US-180-impression FIN-US-180-like,,,,,,,
7504971274663444498,https://ads.tiktok.com/business/creativecenter/topads/7504971274663444498/pc/en,,adiantamento/empréstimo,Applying For A Home Loan Has Never Been Easier,1710,48,96,0.34,alto,,ZA/GB/US,3,32,lead_generation,TikTok Ads Manager,label_13111000000,82,FIN-GB-180-impression FIN-GB-180-like FIN-US-180-impression FIN-US-180-like,,,,,,,
7434608733043277831,https://ads.tiktok.com/business/creativecenter/topads/7434608733043277831/pc/en,pretauto60minutes,outros,Appliquez en seulement 30 secondes!,1710,171,47,0.23,alto,,CA,1,16,lead_generation,TikTok Ads Manager,label_13111000000,44,FIN-CA-180-impression FIN-CA-180-like,,,,,,,
7608930165557493761,https://ads.tiktok.com/business/creativecenter/topads/7608930165557493761/pc/en,,impostos/restituição,Mach die Steuer sofort fertig,1686,29,25,0.5,alto,www.buhl.de/steuer/,DE,1,38,lead_generation/conversion/reach/traffic,TikTok Ads Manager,label_20106000000,88,APPFIN-DE-180-impression,,,,,,,
7436395596510937104,https://ads.tiktok.com/business/creativecenter/topads/7436395596510937104/pc/en,,dívida/quitação,More Than £7K Debt?,1643,57,6,0.28,alto,totalsecure.typeform.com/to/nQgkkwIJ,GB,1,17,lead_generation,Others,label_23102000000,12,KW-debt-GB,,,,,,,
7349990416828366849,https://ads.tiktok.com/business/creativecenter/topads/7349990416828366849/pc/en,StayCovered,seguros/indenizações,Why Hasn’t Anyone Told British Families About This?,1639,1,18,0.38,alto,boxibleintion.com/f4ed63f8-819e-4f42-9148-3af8d3e6402b,GB,1,28,lead_generation,TikTok Ads Manager,label_13102000000,83,FIN-GB-180-impression FIN-GB-180-like,,,,,,,
7481182252928499730,https://ads.tiktok.com/business/creativecenter/topads/7481182252928499730/pc/en,HomeStart,outros,"Starting out on your home ownership journey, or starting over? We could help you make it a reality. ",1629,16,8,0.22,alto,www.homestart.com.au/,AU,1,6,traffic/reach,TikTok Ads Manager,label_13111000000,23,FIN-AU-180-impression FIN-AU-180-like,,,,,,,
7443235259523055623,https://ads.tiktok.com/business/creativecenter/topads/7443235259523055623/pc/en,Daily News,seguros/indenizações,Drivers are Saving Big this month!,1625,23,8,0.29,médio,trk.moneysavingmarketplace.org/cf/r/691e8eb785ad1600128b942a,US,1,38,lead_generation/conversion,TikTok Ads Manager,label_13102000000,91,FIN-US-180-impression FIN-US-180-like,,,,,,,
7550997426474631186,https://ads.tiktok.com/business/creativecenter/topads/7550997426474631186/pc/en,,seguros/indenizações,Get complete peace of mind® for less with our breakdown cover!,1625,3,82,0.37,alto,www.rac.co.uk/breakdown-cover,GB,1,10,conversion,TikTok Ads Manager,label_13102000000,52,FIN-GB-180-impression FIN-GB-180-like,,,,,,,
7580515589896568839,https://ads.tiktok.com/business/creativecenter/topads/7580515589896568839/pc/en,Scotiabank,banco/conta digital,Say yes to Scotiabank. Students and Youth get $175 cash and no monthly account fees until age 23*,1602,12,37,0.26,alto,www.scotiabank.com/ca/en/personal/bank-accounts/chequing-accounts/preferred-student-youth-bank-account.html,CA,1,9,traffic,TikTok Ads Manager,label_13100000000,26,FIN-CA-180-impression FIN-CA-180-like,,,,,,,
7557037084822093842,https://ads.tiktok.com/business/creativecenter/topads/7557037084822093842/pc/en,SoFi,dívida/quitação,Take control of your student debt— and your future. Refinance your student loans today.,1591,88,37,0.02,alto,www.sofi.com/atr/p/v1/c,US,1,21,conversion,TikTok Ads Manager,label_13109000000,12,FIN-US-180-impression FIN-US-180-like KW-debt-US,,,,,,,
7346527639513186306,https://ads.tiktok.com/business/creativecenter/topads/7346527639513186306/pc/en,GreenlightAutomotiveLtd ,outros,Cars from £39 per Week,1576,87,48,0.21,alto,greenlightcarfinance.com/tt-ac/,GB,1,54,lead_generation,TikTok Ads Manager,label_13109000000,85,FIN-GB-180-impression FIN-GB-180-like,,,,,,,
7327378915294314497,https://ads.tiktok.com/business/creativecenter/topads/7327378915294314497/pc/en,Symple Lending,dívida/quitação,Trust us with your financial journey,1543,55,13,0.28,alto,symplelending.com/credit-consolidation//,US,1,31,lead_generation/conversion/reach,TikTok Ads Manager,label_13109000000,14,FIN-US-180-impression FIN-US-180-like KW-debt-US,,,,,,,
7564737568778043410,https://ads.tiktok.com/business/creativecenter/topads/7564737568778043410/pc/en,,seguros/indenizações,Get complete peace of mind® for less with our breakdown cover!,1535,2,83,0.38,alto,www.rac.co.uk/breakdown-cover,GB,1,40,conversion,TikTok Ads Manager,label_13102000000,74,FIN-GB-180-impression FIN-GB-180-like,,,,,,,
7473499092296761362,https://ads.tiktok.com/business/creativecenter/topads/7473499092296761362/pc/en,helios - le compte écologique,banco/conta digital,Ouvrez votre compte helios et bénéficiez de remises jusqu'à -6%,1488,10,16,0.3,alto,www.helios.do/,FR,1,18,conversion,TikTok Ads Manager,label_20106000000,31,APPFIN-FR-180-ctr APPFIN-FR-180-impression APPFIN-FR-180-like,,,,,,,
7322389048344412162,https://ads.tiktok.com/business/creativecenter/topads/7322389048344412162/pc/en,,remessas/câmbio,Send Money to Bangladesh - Fast and Secure Money Transfers #bangladesh #bangladesh🇧🇩 #bangladeshi #acemoneytransfer #acemoneytransferbangladesh,1461,2,16,0.41,médio,track.acemoneytransfer.com/,AU/ES/LV/GR/PT/SE/SI/RO/SK/PL/IT/DK/FI/CY/LT/BE/GB/NL/EE/IE/FR/CA/NO/CH/DE/AT/CZ,27,20,reach/traffic,Others,label_20106000000,73,APPFIN-AU-180-ctr APPFIN-AU-180-impression APPFIN-AU-180-like APPFIN-CA-180-ctr APPFIN-CA-180-impression APPFIN-CA-180-like APPFIN-DE-180-ctr APPFIN-ES-180-ctr APPFIN-ES-180-impression APPFIN-ES-180-like APPFIN-FR-180-impression APPFIN-FR-180-like APPFIN-GB-180-ctr APPFIN-GB-180-impression APPFIN-GB-180-like,,,,,,,
7422394736487776273,https://ads.tiktok.com/business/creativecenter/topads/7422394736487776273/pc/en,WiseInsure,remessas/câmbio,Check how much you could be saving now,1434,22,16,0.25,alto,wellnesshousetoday.com/shmycs-tt,US,1,61,lead_generation,TikTok Ads Manager,label_13102000000,96,FIN-US-180-impression FIN-US-180-like,,,,,,,
7514991161746309128,https://ads.tiktok.com/business/creativecenter/topads/7514991161746309128/pc/en,,seguros/indenizações,Act now — your claim might be worth more than you think. No Win No Fee!,1433,153,58,0.37,alto,,GB,1,24,lead_generation,TikTok Ads Manager,label_13102000000,86,FIN-GB-180-impression FIN-GB-180-like,,,,,,,
7492292914301124624,https://ads.tiktok.com/business/creativecenter/topads/7492292914301124624/pc/en,,banco/conta digital,"Looking for your next vehicle? Let us bring it to you. We deliver straight to your door, anywhere in Canada. Apply online for financing and get a quote from one of our reps within minutes. Your next car is just a few clicks away. Prioautofinance.com #PrioAutoSales #CarDealership #CanadaWideDelivery #ApplyOnline #carfinancing ",1415,102,76,0.21,alto,prioautosales.com/apply-for-financing-online/,CA,1,34,conversion/lead_generation,Others,label_13109000000,48,FIN-CA-180-impression FIN-CA-180-like,,,,,,,
7499904900043522065,https://ads.tiktok.com/business/creativecenter/topads/7499904900043522065/pc/en,FortFinancialCU,adiantamento/empréstimo,"Fort Financial auto loans: great rates, easy approval, and no sticker shock. ",1386,45,24,0.22,alto,www.fortfinancial.org/vehicle-loans/,US,1,30,traffic,TikTok Ads Manager,label_13109000000,55,FIN-US-180-impression FIN-US-180-like,,,,,,,
6993009804164546561,https://ads.tiktok.com/business/creativecenter/topads/6993009804164546561/pc/en,Fairstone,adiantamento/empréstimo,Get a loan for what matters most,1381,0,18,0.37,alto,loan.fairstone.ca/get-started/loan/,CA,1,19,traffic/conversion/video_view/reach,TikTok Ads Manager,label_13111000000,49,FIN-CA-180-impression FIN-CA-180-like,,,,,,,
7623747660378046472,https://ads.tiktok.com/business/creativecenter/topads/7623747660378046472/pc/en,,outros,Most Car owners Don't Know This Exists,1369,110,8,0.32,médio,trk.drivesafenow.site/69ea582366d3e904c5129b7e,US,1,43,lead_generation,TikTok Ads Manager,label_13102000000,98,FIN-US-180-impression FIN-US-180-like,,,,,,,
7293415300211752962,https://ads.tiktok.com/business/creativecenter/topads/7293415300211752962/pc/en,,dívida/quitação,See If You Qualify to Reduce Your IRS Debt Today,1357,37,165,0.31,alto,,US,1,44,lead_generation,TikTok Ads Manager,label_23102000000,22,KW-debt-US,,,,,,,
7388137032186249224,https://ads.tiktok.com/business/creativecenter/topads/7388137032186249224/pc/en,Top Injury Claims,seguros/indenizações,Don't Miss Out After A Car Accident!!,1317,32,57,0.29,alto,www.ut2.topinjuryclaims.com/main-tt,US,1,28,lead_generation,TikTok Ads Manager,label_13102000000,99,FIN-US-180-impression FIN-US-180-like,,,,,,,
7597921140430946305,https://ads.tiktok.com/business/creativecenter/topads/7597921140430946305/pc/en,,dívida/quitação,Our trusted debt management program can help reduce total payments by up to 50%.,1298,49,131,0.32,alto,msb.consolidatedcreditcanada.ca/debt-management/,CA,1,28,lead_generation,TikTok Ads Manager,label_13108000000,36,FIN-CA-180-impression FIN-CA-180-like,,,,,,,
7411659692307415048,https://ads.tiktok.com/business/creativecenter/topads/7411659692307415048/pc/en,Hard Hat,banco/conta digital,Check with your accountant if it is tax deductible! EOFY Sale is Live!,1289,99,39,0.23,alto,hardhatwatches.com.au/collections/smartwatches/products/hard-hat-smart-watch-3-0,AU/NZ/GB,3,60,conversion,TikTok Ads Manager,label_22113000000,15,KW-money_tracker-GB,,,,,,,
7574090510732263431,https://ads.tiktok.com/business/creativecenter/topads/7574090510732263431/pc/en,,orçamento/planilha/controle de gastos,"Paiements sans frais à l'étranger, gestion de budget... bénéficiez du meilleur avec helios",1276,8,16,0.23,médio,www.helios.do/,FR,1,33,traffic,TikTok Ads Manager,label_20106000000,8,APPFIN-FR-180-ctr APPFIN-FR-180-impression APPFIN-FR-180-like,,,,,,,
7513335912224112641,https://ads.tiktok.com/business/creativecenter/topads/7513335912224112641/pc/en,,outros,#chicago #illinois ,1263,29,53,0.22,alto,rtautofinance.com/inventory,US,1,42,conversion/lead_generation,Others,label_13109000000,83,FIN-US-180-impression,,,,,,,
7655613237958787092,https://ads.tiktok.com/business/creativecenter/topads/7655613237958787092/pc/en,,impostos/restituição,Nur noch bis zum 31. Juli die Steuererklärung abgeben. Mach’s schnell mit WISO Steuer.,1253,4,12,0.44,alto,www.buhl.de/steuer/,DE,1,19,reach,TikTok Ads Manager,label_20106000000,95,APPFIN-DE-180-impression,,,,,,,
7500126952643788801,https://ads.tiktok.com/business/creativecenter/topads/7500126952643788801/pc/en,,banco/conta digital,"Looking for your next vehicle? Apply online with Prio Auto Sales and get approved from the comfort of your home. We deliver your car straight to your door, anywhere in Canada. Prioautofinance.com Prioautosales.com #PrioAutoSales #CarDealership #CanadaWideDelivery #autofinance #cardeals #otttawa #Toronto  #montreal ",1246,72,24,0.23,alto,prioautofinance.com/,CA,1,47,lead_generation/conversion,Others,label_13109000000,49,FIN-CA-180-impression FIN-CA-180-like,,,,,,,
7634426130271780885,https://ads.tiktok.com/business/creativecenter/topads/7634426130271780885/pc/en,DANA Indonesia Digital Wallet,banco/conta digital,"From coffee runs to shopping trips, go cashless in Indonesia with DANA & enjoy your perks!",1224,14,16,0.25,alto,a.m.dana.id/promo/generator-static-page/go-cashless-bind-your-mastercard-1776331963866.html,KR/AU/SG,3,15,traffic,TikTok Ads Manager,label_20106000000,10,APPFIN-AU-180-ctr APPFIN-AU-180-impression APPFIN-AU-180-like,,,,,,,
7614155275248353287,https://ads.tiktok.com/business/creativecenter/topads/7614155275248353287/pc/en,Spark,adiantamento/empréstimo,Get Assistance Now!,1215,53,26,0.12,alto,sparkcredit.caloan.ca/tt,CA,1,9,lead_generation,TikTok Ads Manager,label_13109000000,53,FIN-CA-180-impression FIN-CA-180-like,,,,,,,
7443235103734628370,https://ads.tiktok.com/business/creativecenter/topads/7443235103734628370/pc/en,Daily News,seguros/indenizações,Drivers are Saving Big this month!,1210,45,46,0.2,alto,track.thebillshredder.com/68acd4a5656507ab32527b9d,US,1,34,lead_generation,TikTok Ads Manager,label_13102000000,141,FIN-US-180-impression,,,,,,,
7542997148737765393,https://ads.tiktok.com/business/creativecenter/topads/7542997148737765393/pc/en,quickbookscanada,outros,"Take charge of your business expenses like a pro with QuickBooks – simple, accurate, and hassle-free",1195,0,22,0.34,alto,ad.doubleclick.net/ddm/trackclk/N5506.3337907TIKTOK/B34042002.436064890;dc_trk_aid=629440093;dc_trk_cid=240281959;dc_lat=;dc_rdid=;tag_for_child_directed_treatment=;tfua=;gdpr=$%7BGDPR%7D;gdpr_consent=$%7BGDPR_CONSENT_755%7D;ltd=;dc_tdv=1,CA,1,8,conversion,TikTok Ads Manager,label_20106000000,44,APPFIN-CA-180-ctr APPFIN-CA-180-impression APPFIN-CA-180-like,,,,,,,
7345108497299914753,https://ads.tiktok.com/business/creativecenter/topads/7345108497299914753/pc/en,Symple Lending,adiantamento/empréstimo,Get Results Instantly,1188,47,49,0.17,alto,mysympleloan.com/apply-now,US,1,32,lead_generation/conversion/reach,TikTok Ads Manager,label_13109000000,82,FIN-US-180-impression,,,,,,,
7475998674625347585,https://ads.tiktok.com/business/creativecenter/topads/7475998674625347585/pc/en,First4Lawyers,impostos/restituição,First4Lawyers is an award-winning claims management company. Check how much you could claim now,1182,78,17,0.33,alto,api.whatsapp.com/send,GB,1,15,lead_generation,TikTok Creative Exchange,label_13102000000,90,FIN-GB-180-impression FIN-GB-180-like,,,,,,,
7528510502597050386,https://ads.tiktok.com/business/creativecenter/topads/7528510502597050386/pc/en,Banco Azteca,banco/conta digital,Tu también envía dinero a México a Elektra y Banco Azteca para que tu familia lo reciba completo.,1181,17,11,0.42,médio,www.bancoazteca.com.mx/servicios/envios-y-transferencias/recibir-dinero-internacional.html&cmpid=Social:TikTok:Remesas-Mx-Ttv:Awareness:InfeedVideo:BAZ-NC-REM:Hija-Compu_1-1_Julio:2Nd-Tt-Abierta-Remesas_Intereses&utm_source=Social&utm_medium=TikTok&utm_campaign=Remesas-Mx-Ttv_NC_REM_&utm_term=InfeedVideo,MX/US,2,16,video_view,TikTok Ads Manager,label_13100000000,93,FIN-US-180-impression,,,,,,,
7465795883415142417,https://ads.tiktok.com/business/creativecenter/topads/7465795883415142417/pc/en,BMO,banco/conta digital,"Avec BMO, vous gagnez sur toute la ligne.",1180,0,8,0.44,alto,www.bmo.com/principal/particuliers/comptes-bancaires/nouveau-compte-bancaire-offres-et-promotions-1/,CA,1,15,reach,TikTok Ads Manager,label_13100000000,19,FIN-CA-180-impression FIN-CA-180-like,,,,,,,
7502725980332556304,https://ads.tiktok.com/business/creativecenter/topads/7502725980332556304/pc/en,,orçamento/planilha/controle de gastos,TuDinero es la herramienta que necesitas para llegar a fin de mes. 🧠📊 *Una plantilla en Google Sheets que te organiza TODO* ✅ Registro automático de ingresos y gastos ✅ Análisis mensual con gráficos ✅ Metas de ahorro personalizadas ✅ Detección de fugas de dinero ✅ Planificación financiera mensual 🎁 ¡Y llévate 3 regalos complementarios! #PlantillaFinanciera #GoogleSheets #FinanzasPersonales #OrganizaTuDinero #AhorraInteligente,1176,28,60,0.43,médio,www.plantilleate.com/tu-dinero,MX/PE/CR/BR/DO/BO/AR/EC/GT/CL/CO/PR/PA/UY/PY,15,18,conversion,Others,label_20106000000,89,APPFIN-MX-180-ctr APPFIN-MX-180-impression APPFIN-MX-180-like,,,,,,,
7481293937585995792,https://ads.tiktok.com/business/creativecenter/topads/7481293937585995792/pc/en,SumUp : paiements et caisse,outros,"Fluidifiez vos commandes, paiements et rapports grâce à une caisse tout-en-un",1167,16,24,0.32,alto,,FR,1,14,lead_generation,TikTok Ads Manager,label_20106000000,45,APPFIN-FR-180-ctr APPFIN-FR-180-like,,,,,,,
7602310319750922248,https://ads.tiktok.com/business/creativecenter/topads/7602310319750922248/pc/en,,reparo de crédito,Apply with no impact on your credit score.,1165,0,127,0.35,alto,get.updraft.com/,GB,1,34,conversion,Others,label_13108000000,1,FIN-GB-180-impression FIN-GB-180-like KW-debt-GB,,,,,,,
7565375108228349960,https://ads.tiktok.com/business/creativecenter/topads/7565375108228349960/pc/en,CarWarrantyForLess,outros,Get $300 OFF your new auto protection plan.,1160,64,18,0.23,alto,carwarrantyforless.com/,US,1,23,lead_generation,Others,label_13102000000,131,FIN-US-180-impression,,,,,,,
7413959308746113040,https://ads.tiktok.com/business/creativecenter/topads/7413959308746113040/pc/en,,outros,apply now .2026 new!,1140,65,9,0.81,alto,,US,1,10,video_view/conversion,Others,label_20106000000,57,APPFIN-US-180-ctr APPFIN-US-180-impression APPFIN-US-180-like,,,,,,,
7529527045554962448,https://ads.tiktok.com/business/creativecenter/topads/7529527045554962448/pc/en,,orçamento/planilha/controle de gastos,"☝️Porque ahorrar no siempre empieza con disciplina, empieza con claridad. #finanzaspersonales  #albaapp #finanzasinteligentes ",1138,12,11,0.46,alto,www.alba.ec/,MX/CO/EC,3,32,video_view,Others,label_20106000000,90,APPFIN-MX-180-ctr APPFIN-MX-180-impression APPFIN-MX-180-like,"Talking head (fundadora/creator) — ""Porque ahorrar no siempre empieza con disciplina, empieza con claridad""",17,6,2,1,"1,8,11",
7541089622375563271,https://ads.tiktok.com/business/creativecenter/topads/7541089622375563271/pc/en,BillShredder,seguros/indenizações,New Safe Driver Discount Now Available!,1134,56,70,0.24,médio,trk.moneysavingmarketplace.org/cf/r/691e8eb785ad1600128b942a,US,1,26,lead_generation,TikTok Ads Manager,label_13102000000,120,FIN-US-180-impression,,,,,,,
7577583565161103378,https://ads.tiktok.com/business/creativecenter/topads/7577583565161103378/pc/en,BudgetDirect,orçamento/planilha/controle de gastos,"Award-Winning cover so good, you can’t take your eyes off it.",1131,0,8,0.43,alto,www.budgetdirect.com.au/,AU,1,11,reach,TikTok Ads Manager,label_13102000000,21,FIN-AU-180-impression FIN-AU-180-like,,,,,,,
7408883226519994376,https://ads.tiktok.com/business/creativecenter/topads/7408883226519994376/pc/en,Medical Negligence Claims,seguros/indenizações,Speak With An Advisor - We're Here To Help,1112,2,116,0.37,alto,,GB,1,26,lead_generation,TikTok Ads Manager,label_13102000000,92,FIN-GB-180-impression FIN-GB-180-like,,,,,,,
7594642723433758721,https://ads.tiktok.com/business/creativecenter/topads/7594642723433758721/pc/en,,seguros/indenizações,"As a pro athlete, looking after my mental wellbeing is just as important as staying physically strong, which is why I’m grateful for the support I get from my HCF cover * . #Ad * Limit of 1 check-in per year. Must have eligible HCF hospital cover.  For more information, see hcf.com.au/mental-support",1112,1,16,0.4,alto,ad.doubleclick.net/ddm/trackclk/N520401.3892082TIKTOKAU/B35147568.438936211;dc_trk_aid=632470732;dc_trk_cid=248860847;dc_lat=;dc_rdid=;tag_for_child_directed_treatment=;tfua=;gdpr=$%7BGDPR%7D;gdpr_consent=$%7BGDPR_CONSENT_755%7D;ltd=;dc_tdv=1,AU,1,31,traffic/reach,Others,label_13102000000,24,FIN-AU-180-impression FIN-AU-180-like,,,,,,,
7466093688617631751,https://ads.tiktok.com/business/creativecenter/topads/7466093688617631751/pc/en,Medical Negligence Claims,seguros/indenizações,Speak to an expert today for a free consultation.,1101,7,39,0.38,alto,,GB,1,26,lead_generation,TikTok Ads Manager,label_13102000000,93,FIN-GB-180-impression FIN-GB-180-like,,,,,,,
7590198653491462161,https://ads.tiktok.com/business/creativecenter/topads/7590198653491462161/pc/en,,orçamento/planilha/controle de gastos,"🚨 TODAY ONLY 🚨Get 50% OFF our Ultimate Bucket Budget Spreadsheet  Comment SPREADSHEET and I’ll send the link to your DM’s to our Ultimate Bucket Budget Spreadsheet 🥰 ✨ We cants wait for you to join the Savvy Sheets Boutique budgeting community 💛 If you’ve been saying “I’ll sort my money later” — this is later. ⏰ Sale ends tonight. 👇 Download today & start 2026 organised. Disclaimer: This video and spreadsheet are for fictional illustrative purposes and provide general information only. They do not take into account your personal objectives, situation, or needs and do not constitute personalised advice. Always consult a qualified professional for advice tailored to your situation. The budget spreadsheets offered are tools to assist with personal organisation.   #2026budget #newyearbudget #budgeting #savemoney #googleworkspace ",1091,55,16,0.07,alto,savvysheetsboutique.com/products/ultimate-bucket-budget-spreadsheet-by-savvy-sheets-boutique,AU/CA/NZ/US,4,129,conversion,Others,label_20106000000,1,APPFIN-AU-180-ctr APPFIN-AU-180-like APPFIN-CA-180-ctr APPFIN-CA-180-impression APPFIN-CA-180-like APPFIN-US-180-ctr APPFIN-US-180-impression APPFIN-US-180-like,"""you guys have all blown me away... 🥹❤️"" + laptop com planilha colorida (bucket budget)",39,13,6,2,"2,8,11","10,15,45"
7434306515895713799,https://ads.tiktok.com/business/creativecenter/topads/7434306515895713799/pc/en,Live Payments,outros,Earn up to 3 Qantas Points per $1 transacted with Live Payments. T&Cs apply.,1055,23,30,0.14,alto,www.livepayments.com/promo/50-percent-more-qantas-points-2024/,AU,1,56,lead_generation/traffic,TikTok Ads Manager,label_13114000000,40,FIN-AU-180-impression FIN-AU-180-like,,,,,,,
7588460954998063121,https://ads.tiktok.com/business/creativecenter/topads/7588460954998063121/pc/en,,orçamento/planilha/controle de gastos,Rated Excellent on Trustpilot. 24.6% APR Rep. Subject to status & affordability.,1050,0,10,0.31,alto,get.updraft.com/,GB,1,19,conversion,Others,label_13999000000,7,FIN-GB-180-impression FIN-GB-180-like KW-debt-GB,,,,,,,
7608827002745667601,https://ads.tiktok.com/business/creativecenter/topads/7608827002745667601/pc/en,,impostos/restituição,"Can you save $30000? This could be yours, link in bio! #firsthomebuyer #fifo #buildingahouse #houseandland #stoprenting ",1050,32,38,0.2,médio,www.stuartwelch.com.au/,AU,1,128,lead_generation/traffic,Others,label_13111000000,41,FIN-AU-180-impression FIN-AU-180-like,,,,,,,
7436483878976929810,https://ads.tiktok.com/business/creativecenter/topads/7436483878976929810/pc/en,pretauto60minutes,outros,Appliquez en seulement 30 secondes!,1031,137,48,0.21,alto,,CA,1,21,lead_generation,TikTok Ads Manager,label_13111000000,56,FIN-CA-180-impression FIN-CA-180-like,,,,,,,
7490862315430264840,https://ads.tiktok.com/business/creativecenter/topads/7490862315430264840/pc/en,GCash,banco/conta digital,"Make your life easier with GCash—pay, save, invest, and more in one app!",1025,117,6,0.15,alto,new.gcash.com/services/gsave,PH/US,2,10,traffic,TikTok Ads Manager,label_20106000000,8,APPFIN-US-180-ctr APPFIN-US-180-impression APPFIN-US-180-like KW-bills-US KW-save_money-US KW-savings-US,,,,,,,
7573652134886932487,https://ads.tiktok.com/business/creativecenter/topads/7573652134886932487/pc/en,helios - le compte écologique,banco/conta digital,"Ton argent à la banque pollue. Pas avec helios, le compte le plus vert de France.",1023,27,15,0.23,alto,www.helios.do/livret-epargne-ethique/,FR,1,21,traffic,TikTok Ads Manager,label_20106000000,7,APPFIN-FR-180-ctr,,,,,,,
7608930127581855760,https://ads.tiktok.com/business/creativecenter/topads/7608930127581855760/pc/en,,impostos/restituição,Mach die Steuer sofort fertig,979,12,25,0.42,alto,www.buhl.de/steuer/,DE,1,40,conversion/reach/traffic/lead_generation,TikTok Ads Manager,label_20106000000,96,APPFIN-DE-180-impression,,,,,,,
7511937895935393793,https://ads.tiktok.com/business/creativecenter/topads/7511937895935393793/pc/en,MimosaHomes,outros,Making home ownership affordable!,972,45,81,0.17,alto,,AU,1,16,lead_generation,TikTok Ads Manager,label_13111000000,43,FIN-AU-180-impression FIN-AU-180-like,,,,,,,
7534742125222510610,https://ads.tiktok.com/business/creativecenter/topads/7534742125222510610/pc/en,,adiantamento/empréstimo,Rehabilita tu crédito y avanza: ¡Contacta a un asesor hoy!,972,56,31,0.19,médio,,US,1,39,lead_generation,TikTok Ads Manager,label_13108000000,146,FIN-US-180-impression,,,,,,,
7433441845546844168,https://ads.tiktok.com/business/creativecenter/topads/7433441845546844168/pc/en,pretauto60minutes,outros,Chauffeurs UBER ! Choisissez votre véhicule.,960,98,47,0.24,alto,,CA,1,41,lead_generation,TikTok Ads Manager,label_13111000000,57,FIN-CA-180-impression FIN-CA-180-like,,,,,,,
7468515123591823367,https://ads.tiktok.com/business/creativecenter/topads/7468515123591823367/pc/en,Brydens Lawyers,seguros/indenizações,Unable to work due to injury or illness? Let Brydens Lawyers help you claim relief with a free check,947,0,111,0.31,alto,,AU,1,14,lead_generation,TikTok Ads Manager,label_13102000000,44,FIN-AU-180-impression FIN-AU-180-like,,,,,,,
7590434959620489236,https://ads.tiktok.com/business/creativecenter/topads/7590434959620489236/pc/en,Bright - Crush Your Card Debt,dívida/quitação,Personal Loans Up to $10K: Compare Offers Now,921,10,2,0.29,alto,welcome.brightmoney.co/239,US,1,12,conversion,Others,label_20106000000,23,APPFIN-US-180-ctr APPFIN-US-180-impression APPFIN-US-180-like KW-debt-US,,,,,,,
7624476557520994325,https://ads.tiktok.com/business/creativecenter/topads/7624476557520994325/pc/en,MexiCash-Préstamos de crédito,adiantamento/empréstimo,"Tu confianza, nuestra mejor recompensa",907,0,7,0.85,alto,,MX,1,29,traffic/reach,TikTok Ads Manager,label_20106000000,83,APPFIN-MX-180-impression APPFIN-MX-180-like,,,,,,,
7464642605051478033,https://ads.tiktok.com/business/creativecenter/topads/7464642605051478033/pc/en,BillShredder,seguros/indenizações,Drivers are Saving Big this month!,907,35,49,0.24,alto,track.thebillshredder.com/68acd4a5656507ab32527b9d,US,1,30,lead_generation/conversion,TikTok Ads Manager,label_13102000000,123,FIN-US-180-impression,,,,,,,
7464682812693217298,https://ads.tiktok.com/business/creativecenter/topads/7464682812693217298/pc/en,BMO,banco/conta digital,"Pour amener votre épargne plus loin, on connait le chemin.",904,0,6,0.45,alto,www.bmo.com/principal/particuliers/comptes-bancaires/nouveau-compte-bancaire-offres-et-promotions-1/,CA,1,15,reach,TikTok Ads Manager,label_13100000000,24,FIN-CA-180-impression FIN-CA-180-like,,,,,,,
7609785602115960848,https://ads.tiktok.com/business/creativecenter/topads/7609785602115960848/pc/en,,seguros/indenizações,Delayed or cancelled flight in the last 3 years? Get up to US $650 in compensation!,889,16,9,0.41,médio,form.refly.org/en-gb/claim,KE/KH/SE/KW/SA/AR/SG/NO/MA/FI/NL/CR/IE/IQ/GB/LK/KZ/CH/DO/DE/BY/HU/PT/AU/ZA/CZ/PH/IL/OM/ID/CA/PY/UY/TH/PK/UA/DZ/BO/AT/AZ/PL/AE/BH/LB/BD/RO/TR/JP/IT/PA/EG/MY/VN/GT/QA/BE/KR/ES/GR/FR/DK/NG/NZ/US,64,55,lead_generation,TikTok Ads Manager,label_13102000000,45,FIN-AU-180-impression FIN-AU-180-like FIN-CA-180-impression FIN-CA-180-like FIN-GB-180-impression FIN-GB-180-like FIN-US-180-impression,,,,,,,
7582653251096641553,https://ads.tiktok.com/business/creativecenter/topads/7582653251096641553/pc/en,Banco Azteca,banco/conta digital,Transfiere directo a cuentas de Banco Azteca en México para que el dinero le llegue a tu familia.,887,46,8,0.46,alto,www.bancoazteca.com.mx/servicios/envios-y-transferencias/envios-internacionales-usa.html,US,1,19,video_view,TikTok Ads Manager,label_13100000000,77,FIN-US-180-impression,,,,,,,
7276165870521450497,https://ads.tiktok.com/business/creativecenter/topads/7276165870521450497/pc/en,Symple Lending,adiantamento/empréstimo,Rates as Low as 6.99%,882,32,82,0.21,alto,mysympleloan.com/,US,1,36,conversion/reach/lead_generation,TikTok Ads Manager,label_13109000000,112,FIN-US-180-impression,,,,,,,
7620482508749291538,https://ads.tiktok.com/business/creativecenter/topads/7620482508749291538/pc/en,,adiantamento/empréstimo,Join over 2 million Canadians using KOHO. Start your free trial now.,875,9,10,0.35,alto,www.koho.ca/paid/tiktok,CA,1,29,lead_generation,TikTok Ads Manager,label_20106000000,56,APPFIN-CA-180-ctr APPFIN-CA-180-impression APPFIN-CA-180-like,,,,,,,
7303989975968317442,https://ads.tiktok.com/business/creativecenter/topads/7303989975968317442/pc/en,Symple Lending,dívida/quitação,A+ Rated BBB,873,42,13,0.3,alto,symplelending.com/credit-consolidation//,US,1,35,conversion/lead_generation,TikTok Ads Manager,label_13109000000,68,FIN-US-180-impression,,,,,,,
7429350608472326152,https://ads.tiktok.com/business/creativecenter/topads/7429350608472326152/pc/en,BMO,banco/conta digital,"Pour des conseils en placement personnalisés, découvrez ConseilDirect de BMO.",869,0,11,0.43,alto,www.bmo.com/principal/particuliers/investissements/conseils-de-placement/,CA,1,15,reach,TikTok Ads Manager,label_13100000000,30,FIN-CA-180-impression FIN-CA-180-like,,,,,,,
7645420500445528072,https://ads.tiktok.com/business/creativecenter/topads/7645420500445528072/pc/en,,investimento/aposentadoria,"That moment between when your walking pad shows up and when you have to pay for it. ✨ Too real? DM @acorns to talk about your bad money habits. Investing involves risk, including the loss of principal. Click the link in bio for the full disclosure or visit https://bit.ly/AcornsSocialMediaDisclosures",867,13,3,0.38,alto,www.acorns.com/,US,1,93,video_view,Others,label_13999000000,90,FIN-US-180-impression,,,,,,,
7606169991336034320,https://ads.tiktok.com/business/creativecenter/topads/7606169991336034320/pc/en,,seguros/indenizações,Get up to €600 of compensation per passenger!,861,19,36,0.33,alto,form.refly.org/en-gb/claim,GB/ES/NZ/NO/DK/UA/NL/US/CH/HU/AE/PT/IE/SE/CA/AT/TR/RO/FR/CZ/PL/BE/IT/QA/DE/AU/FI/GR,28,40,lead_generation,TikTok Ads Manager,label_13102000000,46,FIN-AU-180-impression FIN-AU-180-like FIN-CA-180-impression FIN-CA-180-like FIN-GB-180-impression FIN-GB-180-like FIN-US-180-impression,,,,,,,
7350253497428377601,https://ads.tiktok.com/business/creativecenter/topads/7350253497428377601/pc/en,StayCovered,seguros/indenizações,Why Hasn’t Anyone Told British Families About This?,859,3,35,0.36,alto,boxibleintion.com/f4ed63f8-819e-4f42-9148-3af8d3e6402b,GB,1,31,lead_generation,TikTok Ads Manager,label_13102000000,99,FIN-GB-180-impression FIN-GB-180-like,,,,,,,
7218250263541514242,https://ads.tiktok.com/business/creativecenter/topads/7218250263541514242/pc/en,justcardiff,adiantamento/empréstimo,"Since 2004, Cardiff has helped thousands of business owners secure funding to grow.",857,13,74,0.3,alto,lp.cardiff.co/small-business-loans,US,1,16,conversion/lead_generation/video_view,TikTok Ads Manager,label_13109000000,84,FIN-US-180-impression,,,,,,,
7412730156510052369,https://ads.tiktok.com/business/creativecenter/topads/7412730156510052369/pc/en,wreckcheck,seguros/indenizações,Bicycle Accident: Do I Have a Case?,855,29,11,0.43,alto,pattersonlegalgroup.com/missouri/kansas-city/,US,1,56,reach,TikTok Ads Manager,label_13102000000,63,FIN-US-180-impression,,,,,,,
7517031916039356424,https://ads.tiktok.com/business/creativecenter/topads/7517031916039356424/pc/en,,impostos/restituição,"Tardas más en hacerte un café que en calcular tu Renta con TaxDown, 15 min y listo.",854,30,59,0.24,alto,taxdown.es/pl/renta-rt-fraccionamiento/,ES,1,43,conversion,TikTok Ads Manager,label_20106000000,6,APPFIN-ES-180-ctr APPFIN-ES-180-impression APPFIN-ES-180-like,,,,,,,
7454285935523119120,https://ads.tiktok.com/business/creativecenter/topads/7454285935523119120/pc/en,,dívida/quitação,"Veronica's story is a reminder that you're never alone in facing financial challenges. As a caregiver for her parents, she felt overwhelmed by debt and stress, until she discovered David Sklar & Associates. From the moment she walked into our office, she felt relief and support. 💙 Hear how her life has changed and how getting help can transform yours too. 📞 Free consultations, no judgment, just solutions. #DebtRelief #Toronto #FinancialHelp #LicensedInsolvencyTrustee #StressFreeLiving",851,2,1,0.68,médio,,CA,1,90,lead_generation/reach,Others,label_13999000000,63,FIN-CA-180-impression FIN-CA-180-like,,,,,,,
7629059088770711560,https://ads.tiktok.com/business/creativecenter/topads/7629059088770711560/pc/en,,outros,Descarga la nueva app Tu Tarjeta Favorita y disfruta de promociones y recompensas. Aplican T&C.,843,0,7,0.52,alto,www.banorte.com/Personal/Promociones-Banorte/Conoce-Tu-Tarjeta-Favorita.html,MX,1,30,traffic/reach,TikTok Ads Manager,label_20106000000,78,APPFIN-MX-180-ctr APPFIN-MX-180-impression APPFIN-MX-180-like,,,,,,,
7603385070226259986,https://ads.tiktok.com/business/creativecenter/topads/7603385070226259986/pc/en,,outros,Unsure what support is available? This service helps you understand what options may be available.,835,48,46,0.3,alto,uk-money-help.co.uk/,GB,1,16,lead_generation,Others,label_13108000000,10,FIN-GB-180-impression FIN-GB-180-like KW-debt-GB,,,,,,,
7140438024010448898,https://ads.tiktok.com/business/creativecenter/topads/7140438024010448898/pc/en,,outros,Stop letting cops take your tint! See if you qualify for a medical tint exemption at forevertint.com or by calling (310)507-1809 #car #cars #tiktok #tint #cops #savemoney #lifehack ,834,148,165,0.06,alto,forevertint.com/select-your-state/,US,1,8,lead_generation/conversion,Others,label_13102000000,111,FIN-US-180-impression,,,,,,,
7582065598701895698,https://ads.tiktok.com/business/creativecenter/topads/7582065598701895698/pc/en,,investimento/aposentadoria,Haz clic en el video para mas informacion. ,811,33,130,0.23,médio,iulexpertos.com/,US,1,91,lead_generation/traffic/reach,Others,label_13102000000,155,FIN-US-180-impression,,,,,,,
7571810444123553810,https://ads.tiktok.com/business/creativecenter/topads/7571810444123553810/pc/en,Seniorbenefits,outros,Swipe Left To Avail All Your Benefits Now!,806,42,144,0.08,alto,tok4l.ttrk.io/691b138c70139169edb66a11,US,1,38,lead_generation,TikTok Ads Manager,label_13102000000,148,FIN-US-180-impression,,,,,,,
7610195924627554312,https://ads.tiktok.com/business/creativecenter/topads/7610195924627554312/pc/en,,outros,Manufacturer’s Warranty Expired? No Worries! Get a Free Quote & Compare Our Auto Protection Plans.,799,48,5,0.38,alto,autoprotectionplans.com/,US,1,37,lead_generation,Others,label_13102000000,108,FIN-US-180-impression,,,,,,,
7485307272161411073,https://ads.tiktok.com/business/creativecenter/topads/7485307272161411073/pc/en,,adiantamento/empréstimo,"49.5% rep APR (variable), broker not a lender, late payments can cause serious money problems.",797,18,16,0.23,alto,collectloan.co.uk/tt,GB,1,16,conversion,Others,label_13109000000,87,FIN-GB-180-impression,,,,,,,
7463683232677281808,https://ads.tiktok.com/business/creativecenter/topads/7463683232677281808/pc/en,BillShredder,seguros/indenizações,Drivers are Saving Big this month!,780,45,5,0.11,alto,track.thebillshredder.com/68acd4a5656507ab32527b9d,US,1,30,lead_generation/conversion,TikTok Ads Manager,label_13102000000,139,FIN-US-180-impression,,,,,,,
7464642937457360913,https://ads.tiktok.com/business/creativecenter/topads/7464642937457360913/pc/en,Auto Rate Cutter,seguros/indenizações,New Safe Driver Discount Now Available!,771,47,47,0.26,médio,track.thebillshredder.com/68acd4a5656507ab32527b9d,US,1,28,lead_generation/conversion,TikTok Ads Manager,label_13102000000,128,FIN-US-180-impression,,,,,,,
7571838567895941128,https://ads.tiktok.com/business/creativecenter/topads/7571838567895941128/pc/en,helios - le compte écologique,orçamento/planilha/controle de gastos,"Paiements sans frais à l'étranger, gestion de budget... bénéficiez du meilleur avec helios",765,8,21,0.14,alto,www.helios.do/compte-commun/,FR,1,18,traffic,TikTok Ads Manager,label_20106000000,3,APPFIN-FR-180-ctr APPFIN-FR-180-impression,,,,,,,
7585382802708987912,https://ads.tiktok.com/business/creativecenter/topads/7585382802708987912/pc/en,,seguros/indenizações,Get up to €600 of compensation per passenger!,753,13,74,0.35,médio,form.refly.org/en-gb/claim/,NO/GR/DE/FI/IT/SE/RO/IE/FR/ES/AT/NL/GB/DK/CZ/CH/BE/PL/UA/CA/IL/QA/VN/HU/AE/AU/NZ/TR/PT/SA/BY/US,32,58,lead_generation,TikTok Ads Manager,label_13102000000,47,FIN-AU-180-impression FIN-AU-180-like FIN-CA-180-impression FIN-CA-180-like FIN-GB-180-impression FIN-US-180-impression,,,,,,,
7481184625580392466,https://ads.tiktok.com/business/creativecenter/topads/7481184625580392466/pc/en,HomeStart,orçamento/planilha/controle de gastos,With our Shared Equity Option you can boost your budget by up to 25% to buy or build your own home.,743,15,7,0.24,alto,www.homestart.com.au/home-loans/additional-loans-and-options/shared-equity-option,AU,1,6,traffic/reach,TikTok Ads Manager,label_13111000000,29,FIN-AU-180-impression FIN-AU-180-like,,,,,,,
7498742257799364626,https://ads.tiktok.com/business/creativecenter/topads/7498742257799364626/pc/en,,seguros/indenizações,Get complete peace of mind™ for less with our Black Friday sale!,742,1,22,0.36,alto,www.rac.co.uk/breakdown/uk-cover,GB,1,26,conversion,TikTok Ads Manager,label_13102000000,93,FIN-GB-180-impression,,,,,,,
7337685325236289537,https://ads.tiktok.com/business/creativecenter/topads/7337685325236289537/pc/en,GreenlightAutomotiveLtd ,outros,Cars from £39 per Week,741,35,106,0.19,alto,greenlightcarfinance.com/tt-ac/,GB,1,22,lead_generation,TikTok Ads Manager,label_13109000000,116,FIN-GB-180-impression,,,,,,,
7593250378797662224,https://ads.tiktok.com/business/creativecenter/topads/7593250378797662224/pc/en,WISO Steuer,impostos/restituição,Hol dir dein Geld zurück! Schnell und einfach zur Steuererklärung mit WISO Steuer.,730,0,9,0.49,alto,www.buhl.de/steuer/steuererklaerung-einsteiger/,DE,1,25,reach,TikTok Ads Manager,label_20106000000,74,APPFIN-DE-180-impression,,,,,,,
7621893739540398098,https://ads.tiktok.com/business/creativecenter/topads/7621893739540398098/pc/en,,outros,Sort bills out for your student house with Housr. Get an instant quote today!,729,7,14,0.37,alto,www.housr.com/en-gb/student-bills-packages,GB,1,16,lead_generation,TikTok Ads Manager,label_13999000000,70,FIN-GB-180-impression,,,,,,,
7481185802937270280,https://ads.tiktok.com/business/creativecenter/topads/7481185802937270280/pc/en,HomeStart,adiantamento/empréstimo,"Need help with upfront costs to buy or build a home? Talk to us about our $10,000 Starter Loan. ",718,7,5,0.25,alto,www.homestart.com.au/home-loans/additional-loans-and-options/starter-loan,AU,1,6,traffic/reach,TikTok Ads Manager,label_13111000000,40,FIN-AU-180-impression FIN-AU-180-like,,,,,,,
7523042123508826129,https://ads.tiktok.com/business/creativecenter/topads/7523042123508826129/pc/en,,adiantamento/empréstimo,"🏡 𝗥𝗲𝗮𝗱𝘆 𝘁𝗼 𝗯𝘂𝘆 𝘆𝗼𝘂𝗿 𝗳𝗶𝗿𝘀𝘁 𝗵𝗼𝗺𝗲 𝗶𝗻 𝟮𝟬𝟮𝟱? 𝗠𝗮𝗸𝗲 𝗶𝘁 𝗲𝗮𝘀𝘆 𝘄𝗶𝘁𝗵 𝘁𝗵𝗲𝘀𝗲 𝟱 𝗺𝘂𝘀𝘁-𝗸𝗻𝗼𝘄 𝘁𝗶𝗽𝘀! 👍𝗞𝗲𝗲𝗽 𝘆𝗼𝘂𝗿 𝗶𝗻𝗰𝗼𝗺𝗲 𝘀𝘁𝗲𝗮𝗱𝘆 – Use leave instead of going unpaid. 👍𝗦𝗲𝗽𝗮𝗿𝗮𝘁𝗲 𝘆𝗼𝘂𝗿 𝘀𝗮𝘃𝗶𝗻𝗴𝘀 – 𝗗𝗼𝗻’𝘁 𝗺𝗶𝘅 𝘄𝗶𝘁𝗵 𝗱𝗮𝗶𝗹𝘆 𝘀𝗽𝗲𝗻𝗱𝗶𝗻𝗴. 👍𝗗𝗶𝘁𝗰𝗵 𝗕𝗡𝗣𝗟 & 𝗽𝗮𝘆𝗱𝗮𝘆 𝗹𝗲𝗻𝗱𝗲𝗿𝘀 – 𝗖𝗹𝗼𝘀𝗲 𝘁𝗵𝗼𝘀𝗲 𝗮𝗰𝗰𝗼𝘂𝗻𝘁𝘀. 👍𝗪𝗮𝘁𝗰𝗵 𝘆𝗼𝘂𝗿 𝗲𝘅𝗽𝗲𝗻𝘀𝗲𝘀 – Cut back on gambling, tobacco, and alcohol. 👍𝗔𝘃𝗼𝗶𝗱 𝗻𝗲𝘄 𝗰𝗿𝗲𝗱𝗶𝘁 – 𝗣𝗮𝘆 𝗲𝘃𝗲𝗿𝘆𝘁𝗵𝗶𝗻𝗴 𝗼𝗻 𝘁𝗶𝗺𝗲. 🎁 Bonus: Want a free credit report? Comment ""𝗰𝗿𝗲𝗱𝗶𝘁 "" and we'll send you the link! Start your journey to home ownership with confidence. DM us for more help! 🌟 ☎️ 0431 790 889 📱https://wa.me/61431790889 📧 raj@everesthomeloans.com.au 🔗 everesthomeloans.com.au 🎯फोन गरौ, कुरा गरौ, घर किन्ने सपना पुरा गरौ !! #everesthomeloans #rajeshkandel #homeloan #firsthome #dreamhome #brisbane #finance #firsthomebuyer #melbourne #RN #EN #perth #nepalimortgagebroker",707,7,68,0.48,médio,www.everesthomeloans.com.au/contact-us,AU,1,219,reach,Others,label_13109000000,50,FIN-AU-180-impression FIN-AU-180-like,,,,,,,
7584159009616707585,https://ads.tiktok.com/business/creativecenter/topads/7584159009616707585/pc/en,GEICO,outros,"You make the space a shining source of joy, we help keep it that way.",703,11,12,0.15,alto,www.geico.com/landingpage/go550,US,1,21,traffic,TikTok Ads Manager,label_13102000000,79,FIN-US-180-impression,,,,,,,
7548957367913758738,https://ads.tiktok.com/business/creativecenter/topads/7548957367913758738/pc/en,,seguros/indenizações,Injured? Get legal help.,702,22,38,0.22,médio,,US,1,66,lead_generation,TikTok Ads Manager,label_13102000000,180,FIN-US-180-impression,,,,,,,
7616285230047952903,https://ads.tiktok.com/business/creativecenter/topads/7616285230047952903/pc/en,,banco/conta digital,"Fini d'attendre votre CAF. Avec BLING, elle est là le jour-J.",701,37,7,0.39,alto,bling.eu/apply-account,FR,1,23,lead_generation,TikTok Ads Manager,label_20106000000,93,APPFIN-FR-180-ctr,,,,,,,
7529843915378294785,https://ads.tiktok.com/business/creativecenter/topads/7529843915378294785/pc/en,,adiantamento/empréstimo,"Waiting for PR? Here’s Why Pre-Approval Isn’t Possible Yet! Thinking of securing a home loan pre-approval while waiting for your Australian Permanent Residency? In this video, we explains why it’s not possible—and what steps you should take instead. Perfect for Nepali first home buyers. Stay informed, stay ready! Contact us! ☎️ 0431 790 889 📱https://vist.ly/3yqcc 📧 raj@everesthomeloans.com.au 🔗 everesthomeloans.com.au 🎯फोन गरौ, कुरा गरौ, घर किन्ने सपना पुरा गरौ !! #everesthomeloans #nepalimortgagebroker #homebuyingtips #firsthomebuyer #australianpr #propertyinvestment #nepalicommunity #homefinance #mortgageadvice #dreamhome #rajeshkandel",690,11,17,0.94,médio,,AU,1,122,reach/lead_generation,Others,label_13109000000,51,FIN-AU-180-impression FIN-AU-180-like,,,,,,,
7130392845534363650,https://ads.tiktok.com/business/creativecenter/topads/7130392845534363650/pc/en,theirsfreshstartinitiative,dívida/quitação,Owe Back Taxes? This Program Helps Reduce or Eliminate Tax Debt.,688,14,24,0.32,alto,freshstartrelief.com/tiktok-taxrelief-program/,US,1,13,lead_generation/conversion,TikTok Ads Manager,label_23102000000,24,KW-debt-US,,,,,,,
7534742041551175687,https://ads.tiktok.com/business/creativecenter/topads/7534742041551175687/pc/en,,adiantamento/empréstimo,Rehabilita tu crédito y avanza: ¡Contacta a un asesor hoy!,687,28,39,0.3,alto,,US,1,57,lead_generation,TikTok Ads Manager,label_13108000000,144,FIN-US-180-impression,,,,,,,
7446435318222045192,https://ads.tiktok.com/business/creativecenter/topads/7446435318222045192/pc/en,Daily News,seguros/indenizações,New Safe Driver Discount Now Available!,686,29,15,0.28,médio,track.thebillshredder.com/68acd4a5656507ab32527b9d,US,1,24,lead_generation/conversion,TikTok Ads Manager,label_13102000000,157,FIN-US-180-impression,,,,,,,
7602511034821443602,https://ads.tiktok.com/business/creativecenter/topads/7602511034821443602/pc/en,BudgetDirect,orçamento/planilha/controle de gastos,High-five for quoting with Budget Direct first!,680,0,5,0.45,alto,www.budgetdirect.com.au/,AU,1,7,reach,TikTok Ads Manager,label_13102000000,27,FIN-AU-180-impression FIN-AU-180-like,,,,,,,
7498924602673741842,https://ads.tiktok.com/business/creativecenter/topads/7498924602673741842/pc/en,Brydens Lawyers,seguros/indenizações,Unable to work due to injury or illness?Let Brydens Lawyers help you claim relief with a free* check,679,1,34,0.32,alto,,AU,1,12,lead_generation,TikTok Ads Manager,label_13102000000,53,FIN-AU-180-impression FIN-AU-180-like,,,,,,,
7462540646106103825,https://ads.tiktok.com/business/creativecenter/topads/7462540646106103825/pc/en,BillShredder,seguros/indenizações,New Safe Driver Discount Now Available!,678,46,3,0.18,médio,www.thepennysaver.org/67fd706eacbf8e7c228117f4,US,1,30,lead_generation/conversion,TikTok Ads Manager,label_13102000000,142,FIN-US-180-impression,,,,,,,
7556950705936891911,https://ads.tiktok.com/business/creativecenter/topads/7556950705936891911/pc/en,,seguros/indenizações,Accident in California? Get a Free Review for Quick Resolution,676,49,12,0.31,alto,,US,1,19,lead_generation,TikTok Ads Manager,label_13102000000,107,FIN-US-180-impression,,,,,,,
7534550313799761936,https://ads.tiktok.com/business/creativecenter/topads/7534550313799761936/pc/en,HomeStart,adiantamento/empréstimo,"If you have a Cert III or higher, our Graduate Loan could help you make your move with a 2% deposit.",668,1,13,0.42,alto,www.homestart.com.au/our-home-loans/graduate-loan,AU,1,15,reach,TikTok Ads Manager,label_13109000000,26,FIN-AU-180-impression FIN-AU-180-like,,,,,,,
7460067930225229841,https://ads.tiktok.com/business/creativecenter/topads/7460067930225229841/pc/en,,adiantamento/empréstimo,"49.5% rep APR (variable), broker not a lender. Late payments can cause money problems.",665,17,27,0.16,alto,collectloan.co.uk/tt,GB,1,28,conversion,Others,label_13109000000,108,FIN-GB-180-impression,,,,,,,
7481373696734003217,https://ads.tiktok.com/business/creativecenter/topads/7481373696734003217/pc/en,Skycop - flight delay compensation claim,seguros/indenizações,"Obtén un reembolso por tu vuelo cancelado con Skycop, hasta 600 € por pasajero.",662,20,36,0.32,médio,www.skycop.com/es/,ES/CY/RS/BE/DK/DE/IE/TR/PL/CZ/RO/LT/CH/SE/NO/LV/EE/GB/GR/FI/HR/SI/PT/FR/NL/SK/IT/HU/AT/BG/IL,31,20,conversion,TikTok Ads Manager,label_13102000000,105,FIN-GB-180-impression,,,,,,,
7483677608899788818,https://ads.tiktok.com/business/creativecenter/topads/7483677608899788818/pc/en,Bonafide Legal Services,adiantamento/empréstimo,Low credit score? We'll help you fix that!,645,51,26,0.11,alto,calendly.com/bonafidelegal760/30min,US,1,29,traffic/lead_generation,TikTok Ads Manager,label_13108000000,129,FIN-US-180-impression,,,,,,,
7583946601036283912,https://ads.tiktok.com/business/creativecenter/topads/7583946601036283912/pc/en,CommBank,adiantamento/empréstimo,"Buy together, borrow separately with CommBank Property Share.",639,17,8,0.37,alto,www.commbank.com.au/home-loans/property-share.html,AU,1,6,video_view,TikTok Ads Manager,label_13109000000,45,FIN-AU-180-impression FIN-AU-180-like,,,,,,,
7459436872609988626,https://ads.tiktok.com/business/creativecenter/topads/7459436872609988626/pc/en,BillShredder,seguros/indenizações,Drivers are Saving Big this month!,629,30,1,0.24,médio,trk.moneysavingmarketplace.org/cf/r/691e8eb785ad1600128b942a,US,1,36,conversion/lead_generation,TikTok Ads Manager,label_13102000000,153,FIN-US-180-impression,,,,,,,
7503553842396790791,https://ads.tiktok.com/business/creativecenter/topads/7503553842396790791/pc/en,,impostos/restituição,"Si usas cripto, tu renta no es sencilla.",623,37,25,0.38,alto,taxdown.es/pl/renta-tiktok-2026-cripto,ES,1,28,conversion,TikTok Ads Manager,label_20106000000,81,APPFIN-ES-180-ctr APPFIN-ES-180-impression APPFIN-ES-180-like,,,,,,,
7546281450946986001,https://ads.tiktok.com/business/creativecenter/topads/7546281450946986001/pc/en,,dívida/quitação,"In a financial pinch? Get approved for a Second Mortgage in as little as 24-hours with no income verification (approval based on home equity)!💰 Whether you’re paying off high-interest debt, funding renovations, or taking control of your finances, we make the process seamless and transparent. ✅ All credit types welcome ✅ No income too low ✅ One low fee, great rates 📄 Simple application  Let’s make your equity work for you! Call us or click below to find out how. 💻 www.gnemortgages.com 📞 +1 (905) 757-1900 📍 409 Matheson Blvd. E, Mississauga, ON.",610,59,134,0.26,alto,,CA,1,15,lead_generation,Others,label_13109000000,67,FIN-CA-180-impression FIN-CA-180-like,,,,,,,
7597266986746101777,https://ads.tiktok.com/business/creativecenter/topads/7597266986746101777/pc/en,silosworld,banco/conta digital,Hot product. Huge savings. Shop now.,592,45,87,0.08,médio,zorvo.cc/products/360-degree-view-4-channel-dash-cam-front-and-rear-inside-left-right-dash-camera-for-cars-built-in-gps-wifi-night-vision-24-7-recording-parking-mode-monitor-free-64g-card,CH/NL/AU/DE/IE/SE/GB/CA/NO/NZ/AT/IL/IT/US/PL/FR/PT/ES/BG/EE/AE/CZ/IQ/BH/SG/HU/LT/DK/RO/OM/TR/BE/QA/KW/EG/GR/RS/MX/LV/SK/HR/FI,42,45,conversion,TikTok Ads Manager,label_11101000000,22,KW-subscriptions-GB KW-subscriptions-US,,,,,,,
7576551792604856328,https://ads.tiktok.com/business/creativecenter/topads/7576551792604856328/pc/en,oly.,outros,"Oly is backed by one of Australia’s most trusted novated leasing providers, MMS Group. T&Cs apply",590,12,7,0.39,alto,www.oly.com.au/shop-cars/mercedes-benz/eqa,AU,1,17,traffic/lead_generation,TikTok Ads Manager,label_13102000000,38,FIN-AU-180-impression FIN-AU-180-like,,,,,,,
7585480394763517970,https://ads.tiktok.com/business/creativecenter/topads/7585480394763517970/pc/en,Sun Life Canada,outros,Entamez votre prochain chapitre avec confiance.,587,0,7,0.44,alto,www.sunlife.ca/fr/placements/,CA,1,6,video_view,TikTok Ads Manager,label_13102000000,44,FIN-CA-180-impression FIN-CA-180-like,,,,,,,
7568927320771477520,https://ads.tiktok.com/business/creativecenter/topads/7568927320771477520/pc/en,,impostos/restituição,"Si manejas varias propiedades, sabes lo fácil que es perder el control de los pagos y los inquilinos. Por eso nació Renta Fácil-Control de Rentas. Todo lo que necesitas para gestionar tus propiedades en un solo lugar. #rentafacil #controlderentas #Propietarios #dueñosdepropiedades #emprendedores ",578,11,32,0.37,médio,gestor-propiedades-pro-etd8.vercel.app/,PE/AR/CL/CO/MX/PA/GT/PY/CR/DO,10,165,lead_generation/traffic,Others,label_20106000000,73,APPFIN-MX-180-ctr APPFIN-MX-180-impression APPFIN-MX-180-like,,,,,,,
7537388247854333959,https://ads.tiktok.com/business/creativecenter/topads/7537388247854333959/pc/en,,reparo de crédito,Self-employed? No tax docs needed! Bank statements can get you approved—even with bad credit.,555,73,160,0.24,alto,,CA,1,26,lead_generation,TikTok Ads Manager,label_13102000000,69,FIN-CA-180-impression FIN-CA-180-like,,,,,,,
7481182157967179784,https://ads.tiktok.com/business/creativecenter/topads/7481182157967179784/pc/en,HomeStart,adiantamento/empréstimo,"If you have a Cert III or higher, our Graduate Loan could help you make your move with a 2% deposit.",552,8,4,0.24,alto,www.homestart.com.au/our-home-loans/graduate-loan,AU,1,6,traffic/reach,TikTok Ads Manager,label_13111000000,37,FIN-AU-180-impression FIN-AU-180-like,,,,,,,
7528044109010698247,https://ads.tiktok.com/business/creativecenter/topads/7528044109010698247/pc/en,BMO,banco/conta digital,"Ici et partout, on est toujours au cœur de la partie! FanFini du CF Montréal",551,0,7,0.42,alto,www.bmo.com/fr-ca/principal/particuliers/soccer/,CA,1,8,reach,TikTok Ads Manager,label_13100000000,32,FIN-CA-180-impression FIN-CA-180-like,,,,,,,
7576550690631860231,https://ads.tiktok.com/business/creativecenter/topads/7576550690631860231/pc/en,oly.,outros,"Oly is backed by one of Australia’s most trusted novated leasing providers, MMS Group. T&Cs apply",545,18,13,0.38,alto,www.oly.com.au/shop-cars/mercedes-benz/eqa,AU,1,16,traffic/lead_generation,TikTok Ads Manager,label_13102000000,34,FIN-AU-180-impression FIN-AU-180-like,,,,,,,
7298129073867177985,https://ads.tiktok.com/business/creativecenter/topads/7298129073867177985/pc/en,House Of MyOwn,investimento/aposentadoria,Buy A Investment Property Without Savings!,524,42,82,0.29,alto,main3.houseofmyown.com/,AU,1,10,lead_generation,TikTok Ads Manager,label_13999000000,58,FIN-AU-180-impression FIN-AU-180-like,,,,,,,
7475430887607025665,https://ads.tiktok.com/business/creativecenter/topads/7475430887607025665/pc/en,,outros,Request your *NO COST* will kit today!,506,18,49,0.22,alto,,US,1,17,lead_generation,TikTok Video Editor,label_13102000000,158,FIN-US-180-impression,,,,,,,
7337684938996072449,https://ads.tiktok.com/business/creativecenter/topads/7337684938996072449/pc/en,GreenlightAutomotiveLtd ,outros,Cars from £39 per Week,501,16,7,0.23,alto,greenlightcarfinance.com/tt-ac/,GB,1,22,lead_generation,TikTok Ads Manager,label_13109000000,125,FIN-GB-180-impression,,,,,,,
7496545530161872904,https://ads.tiktok.com/business/creativecenter/topads/7496545530161872904/pc/en,BLING - Un compte sans stress,banco/conta digital,"Vous attendez encore votre CAF ? Avec BLING, elle arrive le jour-J.",500,13,8,0.33,médio,bling.eu/apply-account,FR,1,25,lead_generation,TikTok Ads Manager,label_20106000000,49,APPFIN-FR-180-ctr,,,,,,,
7545871824706404353,https://ads.tiktok.com/business/creativecenter/topads/7545871824706404353/pc/en,,outros,Speak With An Advisor - We're Here To Help,500,1,27,0.36,alto,,GB,1,18,lead_generation,TikTok Ads Manager,label_13102000000,131,FIN-GB-180-impression,,,,,,,
7623070999614472212,https://ads.tiktok.com/business/creativecenter/topads/7623070999614472212/pc/en,,banco/conta digital,"Sending money home just got easier. With ACE Money Transfer x @bahlofficial you can send money to Pakistan from the UK, Europe, Australia, and Canada directly to 1,300+ Bank AL Habib branches across 538 cities nationwide. Fast. Secure. Reliable. ❤️ Send NOW: https://linktr.ee/ace_money_transfer #ACEMoneyTransfer #BankALHabib #SendMoneyHome #Remittance #fintech",498,2,5,0.61,baixo,,GB/ES/FR/DE/IE/IT/GR,7,35,video_view,TikTok Ads Manager,label_20106000000,100,APPFIN-ES-180-like,,,,,,,
7291667200384598017,https://ads.tiktok.com/business/creativecenter/topads/7291667200384598017/pc/en,Symple Lending,dívida/quitação,Say goodbye to juggling multiple payments and confusing due dates,497,19,10,0.32,alto,symplelending.com/credit-consolidation//,US,1,31,conversion/lead_generation/reach,TikTok Ads Manager,label_13111000000,95,FIN-US-180-impression,,,,,,,
7605609272299077640,https://ads.tiktok.com/business/creativecenter/topads/7605609272299077640/pc/en,BLING - Un compte sans stress,banco/conta digital,Interdit bancaire ? Ça n'empêche pas d'ouvrir un compte BLING.,496,8,11,0.38,alto,bling.eu/apply-account,FR,1,31,lead_generation,TikTok Ads Manager,label_20106000000,89,APPFIN-FR-180-ctr,,,,,,,
7542175222163980296,https://ads.tiktok.com/business/creativecenter/topads/7542175222163980296/pc/en,,outros,See if you qualify for a confidential money support plan in the UK,495,12,23,0.37,alto,,GB,1,18,lead_generation/traffic,TikTok Ads Manager,label_24113000000,13,KW-debt-GB,,,,,,,
7450060568868159489,https://ads.tiktok.com/business/creativecenter/topads/7450060568868159489/pc/en,,seguros/indenizações,Award-winning claims management company. Check how much you could claim now,474,26,41,0.32,alto,,GB,1,33,lead_generation,TikTok Video Editor,label_13102000000,102,FIN-GB-180-impression,,,,,,,
7130273643254939649,https://ads.tiktok.com/business/creativecenter/topads/7130273643254939649/pc/en,theirsfreshstartinitiative,dívida/quitação,Owe Back Taxes? This Program Helps Reduce or Eliminate Tax Debt.,472,20,57,0.26,alto,freshstartrelief.com/tiktok-taxrelief-program/,US,1,13,lead_generation/conversion,TikTok Ads Manager,label_23102000000,28,KW-debt-US,,,,,,,
7429351634629296135,https://ads.tiktok.com/business/creativecenter/topads/7429351634629296135/pc/en,BMO,banco/conta digital,"Pendant que d’autres banques vous laissent en suspens, nous sommes là avec un soutien personnalisé.",468,0,2,0.46,alto,www.bmo.com/principal/particuliers/investissements/conseils-de-placement/,CA,1,10,reach,TikTok Ads Manager,label_13100000000,31,FIN-CA-180-impression FIN-CA-180-like,,,,,,,
7582528462704640007,https://ads.tiktok.com/business/creativecenter/topads/7582528462704640007/pc/en,,seguros/indenizações,Get complete peace of mind® for less with our breakdown cover!,466,0,51,0.4,alto,www.rac.co.uk/breakdown-cover,GB,1,10,conversion,TikTok Ads Manager,label_13102000000,89,FIN-GB-180-impression,,,,,,,
7442748200437579783,https://ads.tiktok.com/business/creativecenter/topads/7442748200437579783/pc/en,OnlyFunds,investimento/aposentadoria,Where Influencers Invest: Don't miss out on making your money work for you.,466,0,1,0.33,médio,apps.apple.com/us/app/onlyfunds/id6759209678,US,1,58,reach/lead_generation,TikTok Ads Manager,label_13110000000,151,FIN-US-180-impression,,,,,,,
7609785591606132752,https://ads.tiktok.com/business/creativecenter/topads/7609785591606132752/pc/en,,seguros/indenizações,Get up to €600 of compensation per passenger!,461,18,12,0.35,médio,form.refly.org/en-gb/claim/,CH/IE/GB/ES/FI/IT/DE/AT/FR/BE/NO/PL/DK/UA/SE/NL/CZ/GR/RO/KE/KH/KW/SA/AR/SG/MA/CR/IQ/LK/KZ/DO/BY/HU/PT/AU/ZA/PH/IL/OM/ID/CA/PY/UY/TH/PK/DZ/BO/AZ/AE/BH/LB/BD/TR/JP/PA/EG/MY/VN/GT/QA/KR/NG/NZ,63,46,lead_generation,TikTok Ads Manager,label_13102000000,55,FIN-AU-180-impression FIN-AU-180-like FIN-CA-180-impression FIN-CA-180-like FIN-GB-180-impression,,,,,,,
7512484038180323345,https://ads.tiktok.com/business/creativecenter/topads/7512484038180323345/pc/en,,dívida/quitação,Say goodbye to late fees. #moneymanagement #creditbuilder #moneytok #personalfinance ,446,10,2,0.18,alto,www.gauss.money/,US,1,8,conversion/lead_generation,Others,label_20106000000,12,APPFIN-US-180-ctr APPFIN-US-180-impression APPFIN-US-180-like,,,,,,,
7553112688281763841,https://ads.tiktok.com/business/creativecenter/topads/7553112688281763841/pc/en,,outros,Hit the button below and let’s see what we can do for you! ,441,53,23,0.23,alto,,US,1,54,lead_generation,Others,label_13102000000,161,FIN-US-180-impression,,,,,,,
7506284341375533072,https://ads.tiktok.com/business/creativecenter/topads/7506284341375533072/pc/en,,adiantamento/empréstimo,"49.5% Rep APR (variable).  Warning: late repayments can cause you serious money problems. For help, go to the ‘Money Helper’ website. We are a broker, not a lender. We may receive a commission from the lender.",440,14,8,0.17,alto,collectloan.co.uk/tt,GB,1,15,conversion,Others,label_13109000000,109,FIN-GB-180-impression,,,,,,,
7567734778575224833,https://ads.tiktok.com/business/creativecenter/topads/7567734778575224833/pc/en,,dívida/quitação,Find your Solution Today!,433,7,46,0.29,alto,start.my-debt-help.co.uk/,GB,1,22,lead_generation,Others,label_13108000000,15,FIN-GB-180-impression KW-debt-GB,,,,,,,
7456744559642099729,https://ads.tiktok.com/business/creativecenter/topads/7456744559642099729/pc/en,Medical Negligence Claims,seguros/indenizações,Speak to an expert today for a free consultation.,427,1,13,0.38,alto,,GB,1,17,lead_generation,TikTok Ads Manager,label_13102000000,128,FIN-GB-180-impression,,,,,,,
7552892056524947463,https://ads.tiktok.com/business/creativecenter/topads/7552892056524947463/pc/en,,seguros/indenizações,Injured? Know Your Rights. Take Action Today. ,425,32,15,0.36,alto,,GB,1,24,traffic/lead_generation,TikTok Ads Manager,label_13102000000,132,FIN-GB-180-impression,,,,,,,
7567474625178337296,https://ads.tiktok.com/business/creativecenter/topads/7567474625178337296/pc/en,,impostos/restituição,"¿Sientes que el dinero de tus rentas se esfuma sin saber como? Yo también pase por eso…por eso cree una app que me muestra todo mi flujo de caja en segundos. La app ese llama Renta Fácil y te permite registrar propiedades, sus ingresos, gastos y flujo de caja. Descárgala en la App Store #Rentafacil #gestordepropiedades #rentas #alquileres #dueñosdepropiedades ",422,4,7,0.48,médio,gestor-propiedades-pro-etd8.vercel.app/,CO/MX/PE/AR/GT/PY/CL/PA/DO/CR/EC,11,109,lead_generation,Others,label_20106000000,91,APPFIN-MX-180-ctr APPFIN-MX-180-impression APPFIN-MX-180-like,,,,,,,
7591545336587845650,https://ads.tiktok.com/business/creativecenter/topads/7591545336587845650/pc/en,,outros,"Invisalign at the lowest prices in Sydney from $2,695. Free whitening + retainers at Bondi Junction!",421,10,13,0.38,alto,sydney.clearbraces4u.com.au/book,AU,1,36,reach/lead_generation,TikTok Ads Manager,label_13102000000,43,FIN-AU-180-impression FIN-AU-180-like,,,,,,,
7465083999628214289,https://ads.tiktok.com/business/creativecenter/topads/7465083999628214289/pc/en,BillShredder,seguros/indenizações,New Safe Driver Discount Now Available!,416,10,11,0.24,médio,trk.moneysavingmarketplace.org/cf/r/691e8eb785ad1600128b942a,US,1,29,lead_generation/conversion,TikTok Ads Manager,label_13102000000,172,FIN-US-180-impression,,,,,,,
7566566710506586129,https://ads.tiktok.com/business/creativecenter/topads/7566566710506586129/pc/en,,orçamento/planilha/controle de gastos,Rated Excellent on Trustpilot. 24.6% APR Rep. Subject to status & affordability.,412,2,12,0.33,alto,get.updraft.com/,GB,1,46,conversion,Others,label_13111000000,6,FIN-GB-180-impression KW-debt-GB,,,,,,,
7466093559625187336,https://ads.tiktok.com/business/creativecenter/topads/7466093559625187336/pc/en,Medical Negligence Claims,seguros/indenizações,Speak to an expert today for a free consultation.,401,0,9,0.39,alto,,GB,1,25,lead_generation,TikTok Ads Manager,label_13102000000,129,FIN-GB-180-impression,,,,,,,
7616609456332079122,https://ads.tiktok.com/business/creativecenter/topads/7616609456332079122/pc/en,,banco/conta digital,"Try out Credit Union SA's faster, better Mobile Banking App.",399,10,4,0.43,alto,www.creditunionsa.com.au/digital-banking/mobile-banking-app,AU,1,15,reach/video_view,TikTok Ads Manager,label_20106000000,92,APPFIN-AU-180-impression,,,,,,,
7543279281951948818,https://ads.tiktok.com/business/creativecenter/topads/7543279281951948818/pc/en,BillShredder,seguros/indenizações,Drivers are Saving Big this month!,398,17,19,0.25,médio,track.thebillshredder.com/68acd4a5656507ab32527b9d,US,1,24,lead_generation,TikTok Ads Manager,label_13102000000,159,FIN-US-180-impression,,,,,,,
7650385957619433492,https://ads.tiktok.com/business/creativecenter/topads/7650385957619433492/pc/en,Spark_CA,adiantamento/empréstimo,Get Assistance Now,395,27,44,0.11,alto,sparkcredit.caloan.ca/tt4,CA,1,36,lead_generation,TikTok Ads Manager,label_13109000000,75,FIN-CA-180-impression FIN-CA-180-like,,,,,,,
7528045085310615560,https://ads.tiktok.com/business/creativecenter/topads/7528045085310615560/pc/en,BMO,banco/conta digital,"Du terrain aux gradins, on est toujours au cœur de la partie. FanFini du CF Montréal",393,0,4,0.43,alto,www.bmo.com/fr-ca/principal/particuliers/soccer/,CA,1,9,reach,TikTok Ads Manager,label_13100000000,35,FIN-CA-180-impression FIN-CA-180-like,,,,,,,
7501446233005965320,https://ads.tiktok.com/business/creativecenter/topads/7501446233005965320/pc/en,,seguros/indenizações,𝗜𝗻𝗷𝘂𝗿𝗲𝗱? You may have a case. We've recovered millions for clients. Book a free consultation.,386,10,23,0.29,médio,www.sparandbernstein.com/,US,1,47,lead_generation,TikTok Ads Manager,label_13102000000,174,FIN-US-180-impression,,,,,,,
7561745088520486913,https://ads.tiktok.com/business/creativecenter/topads/7561745088520486913/pc/en,,adiantamento/empréstimo,"49.5% Rep APR (variable).  Warning: late repayments can cause you serious money problems. For help, go to the ‘Money Helper’ website. We are a broker, not a lender. We may receive a commission from the lender.",384,3,10,0.21,alto,collectloan.co.uk/tt,GB,1,14,conversion,Others,label_13109000000,117,FIN-GB-180-impression,,,,,,,
7534550325043757057,https://ads.tiktok.com/business/creativecenter/topads/7534550325043757057/pc/en,HomeStart,outros,"Starting out on your home ownership journey, or starting over? We could help you make it a reality.",381,0,7,0.41,alto,www.homestart.com.au/,AU,1,15,reach,TikTok Ads Manager,label_13109000000,33,FIN-AU-180-impression FIN-AU-180-like,,,,,,,
7566640224626016263,https://ads.tiktok.com/business/creativecenter/topads/7566640224626016263/pc/en,Seniorbenefits,outros,Swipe Left To Avail All Your Benefits Now!,379,39,23,0.05,médio,tok4l.ttrk.io/691b138c70139169edb66a11,US,1,29,lead_generation,TikTok Ads Manager,label_13102000000,198,FIN-US-180-impression,,,,,,,
7605374712516018177,https://ads.tiktok.com/business/creativecenter/topads/7605374712516018177/pc/en,,outros,Earn up to 3 Qantas Points per $1 transacted for a limited time. T&Cs apply.,375,8,9,0.27,alto,,AU,1,10,lead_generation,TikTok Ads Manager,label_13114000000,64,FIN-AU-180-impression FIN-AU-180-like,,,,,,,
7533871207680016400,https://ads.tiktok.com/business/creativecenter/topads/7533871207680016400/pc/en,,orçamento/planilha/controle de gastos,"💸 ¿Ya sabes en qué se fue tu plata este mes? 😵‍💫 Si tu billetera siempre está vacía y no sabes por qué… es hora de tomar el control con TuDinero 🧾✨ Es una plantilla en Google Sheets que te muestra exactamente cuánto ganas, cuánto gastas y en qué se te está yendo el dinero 😱📉 Fácil de usar, visual, y lista para que la abras desde tu cel o compu 📱💻 Ideal si quieres ahorrar, pagar deudas o dejar de vivir al día 💪 Empieza a organizar tu vida financiera hoy con solo una hoja de cálculo ✅ 👉 Haz clic y consigue TuDinero ahora El cambio empieza por entender tus números 💚📊",373,3,11,0.57,médio,www.plantilleate.com/tu-dinero,UY/PR/CL/CO/PY/AR/MX/CR/EC/BR/BO/DO/PA/PE/GT,15,29,conversion,Others,label_20106000000,98,APPFIN-MX-180-ctr APPFIN-MX-180-like,,,,,,,
7450624765659348999,https://ads.tiktok.com/business/creativecenter/topads/7450624765659348999/pc/en,The Grand Frontier,adiantamento/empréstimo,Offer Expires Today,368,18,28,0.4,alto,mysympleloan.com/apply-now,US/DE/FR/CA/GB/NL/GR/FI/NZ/AU/CH/BE/SE/AT/IT/TH/VN/MY/SG/KR,20,20,conversion/lead_generation,Others,label_13109000000,63,FIN-AU-180-impression FIN-AU-180-like FIN-CA-180-impression FIN-CA-180-like FIN-GB-180-impression FIN-US-180-impression,,,,,,,
7507724740867801106,https://ads.tiktok.com/business/creativecenter/topads/7507724740867801106/pc/en,Finance Tips,banco/conta digital,Cashback Credit Cards! How to Apply Online for Lloyds Bank Credit Cards,368,9,26,0.11,médio,moneis.org/how-to-apply-online-for-lloyds-bank-credit-cards-2/,GB,1,9,conversion,TikTok Ads Manager,label_13117000000,165,FIN-GB-180-impression,,,,,,,
7556544335135637512,https://ads.tiktok.com/business/creativecenter/topads/7556544335135637512/pc/en,,impostos/restituição,We’ve got great news. You can now get into your first home with just a 5% deposit and pay $0 LMI.,366,31,44,0.34,alto,localehomes.com.au/your-finance-partner/first-home-guarantee/,AU,1,46,lead_generation,TikTok Ads Manager,label_13111000000,64,FIN-AU-180-impression FIN-AU-180-like,,,,,,,
7607553829161189377,https://ads.tiktok.com/business/creativecenter/topads/7607553829161189377/pc/en,,seguros/indenizações,Get up to €600 of compensation per passenger!,365,6,5,0.53,baixo,form.refly.org/en-gb/claim/,GB/ES/NZ/NO/DK/UA/NL/US/CH/HU/AE/PT/IE/SE/CA/AT/TR/RO/FR/CZ/PL/BE/IT/QA/DE/AU/FI/GR,28,44,lead_generation,TikTok Ads Manager,label_13999000000,67,FIN-AU-180-impression FIN-AU-180-like FIN-CA-180-impression FIN-CA-180-like FIN-GB-180-impression FIN-US-180-impression,,,,,,,
7582996324590370817,https://ads.tiktok.com/business/creativecenter/topads/7582996324590370817/pc/en,Better,outros,Get your membership with Better today.,364,1,5,0.35,alto,ad.doubleclick.net/ddm/clk/629311108;435929953;p;gdpr=$%7BGDPR%7D;gdpr_consent=$%7BGDPR_CONSENT_755%7D,GB,1,20,traffic,TikTok Ads Manager,label_13102000000,79,FIN-GB-180-impression,,,,,,,
7439800113415077896,https://ads.tiktok.com/business/creativecenter/topads/7439800113415077896/pc/en,pretauto60minutes,adiantamento/empréstimo,Mauvais crédit ? Obtenez votre prêt auto ! Prêt Auto 60 Minutes offre des solutions de financement.,363,35,10,0.25,médio,,CA,1,27,lead_generation,TikTok Ads Manager,label_13111000000,81,FIN-CA-180-impression FIN-CA-180-like,,,,,,,
7482383214117404673,https://ads.tiktok.com/business/creativecenter/topads/7482383214117404673/pc/en,newstimulate,outros,"Superbox 10% off code: SUPER10, no monthly bill!",350,51,69,0.01,alto,www.superboxplusstore.com/collections/superbox-super-sale-page-for-all-product,US/GB/AU/CA,4,35,conversion/product_sales,Others,label_23132000000,25,KW-subscriptions-GB KW-subscriptions-US,,,,,,,
7621707860581466130,https://ads.tiktok.com/business/creativecenter/topads/7621707860581466130/pc/en,,impostos/restituição,Tus deducciones valen dinero. TaxDown las encuentra y solo pagas si recuperas.,347,11,8,0.27,médio,app.taxdown.com.mx/login,MX,1,27,conversion/traffic,TikTok Ads Manager,label_20106000000,13,APPFIN-MX-180-ctr APPFIN-MX-180-impression APPFIN-MX-180-like,,,,,,,
7582474497288667153,https://ads.tiktok.com/business/creativecenter/topads/7582474497288667153/pc/en,,outros,"Aussies: how to pay for dental treatments with your super early ✈️💚 glamjet.com.au is a leading beauty, dental, and medical tourism agency in Australia. We help you apply for super #super #dental #teethtok #australians #dentalimplants ",341,4,42,0.59,baixo,glamjet.com.au/pages/contact,AU/NZ,2,567,lead_generation/reach,Others,label_13102000000,68,FIN-AU-180-impression FIN-AU-180-like,,,,,,,
7616608737315323912,https://ads.tiktok.com/business/creativecenter/topads/7616608737315323912/pc/en,,banco/conta digital,"Try out Credit Union SA's faster, better Mobile Banking App.",332,0,1,0.44,alto,www.creditunionsa.com.au/digital-banking/mobile-banking-app,AU,1,15,video_view/reach,TikTok Ads Manager,label_20106000000,94,APPFIN-AU-180-impression,,,,,,,
7609770320816357392,https://ads.tiktok.com/business/creativecenter/topads/7609770320816357392/pc/en,,seguros/indenizações,Check your eligibility today!,330,13,6,0.44,médio,form.refly.org/en-gb/claim/,CH/IE/GB/ES/FI/IT/DE/AT/FR/BE/NO/PL/DK/UA/SE/NL/CZ/GR/RO/KE/KH/KW/SA/AR/SG/MA/CR/IQ/LK/KZ/DO/BY/HU/PT/AU/ZA/PH/IL/OM/ID/CA/PY/UY/TH/PK/DZ/BO/AZ/AE/BH/LB/BD/TR/JP/PA/EG/MY/VN/GT/QA/KR/NG/NZ,63,54,lead_generation,TikTok Ads Manager,label_13102000000,61,FIN-AU-180-impression FIN-AU-180-like FIN-CA-180-impression FIN-CA-180-like FIN-GB-180-impression,,,,,,,
7541850920218558481,https://ads.tiktok.com/business/creativecenter/topads/7541850920218558481/pc/en,,orçamento/planilha/controle de gastos,Rated Excellent on Trustpilot. 24.6% APR Rep. Subject to status & affordability.,329,0,12,0.36,alto,get.updraft.com/,GB,1,39,conversion,Others,label_13109000000,8,FIN-GB-180-impression KW-debt-GB,,,,,,,
7512026176849526785,https://ads.tiktok.com/business/creativecenter/topads/7512026176849526785/pc/en,,impostos/restituição,Interested in more info? Link in bio! #buyingahouse #buildingahouse #houseandland #firsthomeowner ,329,6,8,0.41,alto,www.stuartwelch.com.au/do-i-qualify,AU,1,58,lead_generation/reach/traffic,Others,label_13111000000,50,FIN-AU-180-impression FIN-AU-180-like,,,,,,,
7583972832527794194,https://ads.tiktok.com/business/creativecenter/topads/7583972832527794194/pc/en,BudgetDirect,orçamento/planilha/controle de gastos,High-five for quoting with Budget Direct first!,325,0,3,0.45,alto,www.budgetdirect.com.au/,AU,1,8,reach,TikTok Ads Manager,label_13102000000,35,FIN-AU-180-impression FIN-AU-180-like,,,,,,,
7554207013162893319,https://ads.tiktok.com/business/creativecenter/topads/7554207013162893319/pc/en,Bright - Crush Your Card Debt,dívida/quitação,A smarter way to manage your debt. Bright offers personal loan offers up to $10000.,319,4,2,0.29,alto,welcome.brightmoney.co/239,US,1,13,conversion,Others,label_20106000000,21,APPFIN-US-180-ctr APPFIN-US-180-impression APPFIN-US-180-like KW-debt-US,,,,,,,
7527798399132925960,https://ads.tiktok.com/business/creativecenter/topads/7527798399132925960/pc/en,Scrollfast,adiantamento/empréstimo,Préstamo de Bank of America - Descubre cómo solicitarlo en línea,319,32,24,0.12,médio,es.gohow.co/prestamo-bank-of-america-us/,US,1,10,conversion,TikTok Ads Manager,label_13111000000,177,FIN-US-180-impression,,,,,,,
7609479649613185041,https://ads.tiktok.com/business/creativecenter/topads/7609479649613185041/pc/en,,outros,Crazy things going on,316,22,0,0.06,médio,,US,1,6,conversion/lead_generation,Others,label_20106000000,1,APPFIN-US-180-ctr APPFIN-US-180-impression APPFIN-US-180-like,,,,,,,
7202335225828130817,https://ads.tiktok.com/business/creativecenter/topads/7202335225828130817/pc/en,justcardiff,adiantamento/empréstimo,Need financing fast? Cardiff offers up to $500k same-day! Just $20k monthly revenue to qualify.,316,9,25,0.32,alto,lp.cardiff.co/small-business-loans,US,1,27,video_view/conversion,TikTok Ads Manager,label_13109000000,152,FIN-US-180-impression,,,,,,,
7534979761855053832,https://ads.tiktok.com/business/creativecenter/topads/7534979761855053832/pc/en,Rownstore,orçamento/planilha/controle de gastos,"Free Subscription, free app, $10 with free shipping, great for bags, suitcases, cars, expensive items 👍🏽  #gpstracker #gps #cartracker #cargpstracker",314,7,3,0.11,médio,sunnysideupshop.co/products/mini-gps-tracker-two-year-warranty,SG/PH/TH/MY/NZ/NO/AU/CH/IE/IL/DE/DK/NL/GB/US/CA/PL/IT/FI/BE/AT/VN/FR,23,25,product_sales/conversion,TikTok Ads Manager,label_11101000000,26,KW-money_tracker-GB KW-money_tracker-US,,,,,,,
7357013790283579408,https://ads.tiktok.com/business/creativecenter/topads/7357013790283579408/pc/en,Bright - Crush Your Card Debt,dívida/quitação,Personal Loan Offers Upto $3k. Only 2 minutes to signup. All credit scores can apply.,313,7,17,0.21,alto,join.brightmoney.co/260,US,1,10,conversion,TikTok Ads Manager,label_20106000000,18,APPFIN-US-180-ctr APPFIN-US-180-impression APPFIN-US-180-like KW-debt-US,,,,,,,
7533545601120976897,https://ads.tiktok.com/business/creativecenter/topads/7533545601120976897/pc/en,,outros,Speak to an expert today for a free consultation.,306,0,1,0.4,alto,,GB,1,19,lead_generation,TikTok Ads Manager,label_13102000000,143,FIN-GB-180-impression,,,,,,,
7612942026854449170,https://ads.tiktok.com/business/creativecenter/topads/7612942026854449170/pc/en,,outros,Поздравляем ,305,0,1,0.07,médio,polarisflow.click/QLz9kQC6,FI/PT/BE/CH/DE/NO/IT/IE/NL/DK/ES/GB,12,15,lead_generation,TikTok Ads Manager,label_13999000000,183,FIN-GB-180-impression,,,,,,,
7520261327190458376,https://ads.tiktok.com/business/creativecenter/topads/7520261327190458376/pc/en,Skycop - flight delay compensation claim,seguros/indenizações,Claim Compensation for Disrupted Flights – Up to €600,303,10,18,0.37,médio,www.skycop.com/,LV/RS/GB/IT/FI/AT/HR/GR/HU/NO/SE/CZ/ES/PL/NL/DK/CY/PT/SK/SI/EE/IE/DE/FR/RO/LT/BG/BE/CH/IL/US,31,24,conversion,TikTok Ads Manager,label_13102000000,88,FIN-GB-180-impression FIN-US-180-impression,,,,,,,
7609785596111355920,https://ads.tiktok.com/business/creativecenter/topads/7609785596111355920/pc/en,,seguros/indenizações,Check your eligibility today!,299,1,7,0.41,médio,form.refly.org/en-gb/claim/,DE/BE/CH/IT/PL/DK/NO/GR/UA/FR/IE/FI/RO/NL/SE/GB/ES/AT/CZ/KE/KH/KW/SA/AR/SG/MA/CR/IQ/LK/KZ/DO/BY/HU/PT/AU/ZA/PH/IL/OM/ID/CA/PY/UY/TH/PK/DZ/BO/AZ/AE/BH/LB/BD/TR/JP/PA/EG/MY/VN/GT/QA/KR/NG/NZ,63,46,lead_generation,TikTok Ads Manager,label_13102000000,62,FIN-AU-180-impression FIN-AU-180-like FIN-CA-180-impression FIN-CA-180-like FIN-GB-180-impression,,,,,,,
7467860349749264385,https://ads.tiktok.com/business/creativecenter/topads/7467860349749264385/pc/en,,adiantamento/empréstimo,"49.5% rep APR (variable), broker not a lender, late payments could cause money problems.",299,12,10,0.15,alto,collectloan.co.uk/tt,GB,1,32,conversion,Others,label_13109000000,144,FIN-GB-180-impression,,,,,,,
7609799413650227201,https://ads.tiktok.com/business/creativecenter/topads/7609799413650227201/pc/en,,seguros/indenizações,Check your eligibility today!,298,3,4,0.47,baixo,form.refly.org/en-gb/claim/,DK/FI/NO/SE/CH/IE/GB/ES/IT/DE/AT/FR/BE/PL/UA/NL/CZ/GR/RO/KE/KH/KW/SA/AR/SG/MA/CR/IQ/LK/KZ/DO/BY/HU/PT/AU/ZA/PH/IL/OM/ID/CA/PY/UY/TH/PK/DZ/BO/AZ/AE/BH/LB/BD/TR/JP/PA/EG/MY/VN/GT/QA/KR/NG/NZ,63,45,lead_generation,TikTok Ads Manager,label_13102000000,59,FIN-AU-180-impression FIN-AU-180-like FIN-CA-180-impression FIN-CA-180-like FIN-GB-180-impression,,,,,,,
7497075548198027282,https://ads.tiktok.com/business/creativecenter/topads/7497075548198027282/pc/en,,outros,Automate your IRD logbook with GOFAR. Order yours today!,292,5,9,0.3,alto,www.gofar.co/logbook-auto,NZ/AU,2,29,conversion,TikTok Ads Manager,label_20106000000,34,APPFIN-AU-180-ctr,,,,,,,
7670744106818813973,https://ads.tiktok.com/business/creativecenter/topads/7670744106818813973/pc/en,,adiantamento/empréstimo,Are you a key worker? Spending more on bus fares than you would on your own car? We could help!,292,10,80,0.3,alto,apply.carloans365.com/apply-now-11/,GB,1,28,lead_generation,TikTok Ads Manager,label_13111000000,133,FIN-GB-180-impression,,,,,,,
7527799595574296584,https://ads.tiktok.com/business/creativecenter/topads/7527799595574296584/pc/en,Scrollfast,adiantamento/empréstimo,Préstamo de Bank of America - Descubre cómo solicitarlo en línea,290,21,21,0.09,médio,es.gohow.co/prestamo-bank-of-america-us/,US,1,8,conversion,TikTok Ads Manager,label_13111000000,169,FIN-US-180-impression,,,,,,,
7591901994383540242,https://ads.tiktok.com/business/creativecenter/topads/7591901994383540242/pc/en,BMO,banco/conta digital,Des conseils en placement pas très fiables vous font perdre la tête? On est là pour vous.,287,0,8,0.47,alto,www.bmo.com/principal/particuliers/investissements/,CA,1,15,reach,TikTok Ads Manager,label_13110000000,47,FIN-CA-180-impression FIN-CA-180-like,,,,,,,
7597442880732135431,https://ads.tiktok.com/business/creativecenter/topads/7597442880732135431/pc/en,,outros,Venga Earn  ¡Genera hasta un 9% RPY con tus Criptos!,285,0,2,0.22,alto,venga.onelink.me/L1wB/ttgenspa0126,ES/PL/IE/IT/GR/PT/RO/CZ/NL/BE/DK/FR/DE/AT/HU,15,18,traffic,TikTok Ads Manager,label_20106000000,5,APPFIN-DE-180-ctr APPFIN-ES-180-ctr APPFIN-ES-180-impression APPFIN-FR-180-ctr APPFIN-FR-180-impression,,,,,,,
7301720281209913345,https://ads.tiktok.com/business/creativecenter/topads/7301720281209913345/pc/en,,seguros/indenizações,ማስታወቂያ #Truckinginamharic #Truckingበአማርኛ  #ethiopian   #ethiopiantruckdriver #habeshatruckdriver #eritreantrucker #ethiopiantrucker #eritreantruckdriver ,276,12,17,0.53,médio,,US,1,18,lead_generation/reach,Others,label_13102000000,121,FIN-US-180-impression,,,,,,,
7639052127391170568,https://ads.tiktok.com/business/creativecenter/topads/7639052127391170568/pc/en,Acorns,outros,We've helped 14 million all-time customers unlock their money's Potential.,274,3,4,0.41,alto,www.acorns.com/,US,1,47,video_view,TikTok Ads Manager,label_20106000000,60,APPFIN-US-180-ctr APPFIN-US-180-impression APPFIN-US-180-like,,,,,,,
7437202937976078343,https://ads.tiktok.com/business/creativecenter/topads/7437202937976078343/pc/en,VeteransUnited,adiantamento/empréstimo,VA Home Loans for Veterans. The No. 1 VA Lender.,274,9,7,0.11,alto,www.veteransunited.com/social/,US,1,39,traffic,TikTok Ads Manager,label_13111000000,126,FIN-US-180-impression,,,,,,,
7549189794285027335,https://ads.tiktok.com/business/creativecenter/topads/7549189794285027335/pc/en,,outros,Pay only if you win!,273,15,14,0.3,médio,,US,1,55,lead_generation,TikTok Ads Manager,label_13102000000,207,FIN-US-180-impression,,,,,,,
7576536198530088968,https://ads.tiktok.com/business/creativecenter/topads/7576536198530088968/pc/en,oly.,outros,You could save thousands on the cha-ching with Oly’s novated leasing deals! T&Cs apply,271,1,2,0.37,médio,www.oly.com.au/shop-cars/toyota/hilux,AU,1,21,traffic/lead_generation,TikTok Ads Manager,label_13102000000,46,FIN-AU-180-impression FIN-AU-180-like,,,,,,,
7356341030771785744,https://ads.tiktok.com/business/creativecenter/topads/7356341030771785744/pc/en,Canadian Life Rates,outros,Get Your Free Quote,270,7,12,0.21,alto,trk.canadianliferates.ca/49558572-0d64-450e-9720-d8393fe51246,CA,1,18,conversion,TikTok Ads Manager,label_13102000000,88,FIN-CA-180-impression FIN-CA-180-like,,,,,,,
7460074765614153729,https://ads.tiktok.com/business/creativecenter/topads/7460074765614153729/pc/en,LocalHealthSelect,outros,Get extra benefits most people don’t even know exist,270,18,17,0.08,médio,localhealthselect.com/,US,1,11,conversion,TikTok Ads Manager,label_13102000000,192,FIN-US-180-impression,,,,,,,
7611141943951867922,https://ads.tiktok.com/business/creativecenter/topads/7611141943951867922/pc/en,,outros,Find out how many valuable coins you have in your change!,269,1,17,0.11,médio,tt.coininapp.com/landing/w2a/dynamic/white/white,US/IT/GB/JP/DE/CA/AU/PR/IE/FR/NL/NZ/AT/BE/ES/CH/SG/DK/KR/MX/AE/NO/IL/CL/SA/PT/SE/PL/TW/QA/KW/CZ/TR/ZA,34,23,conversion,TikTok Ads Manager,label_20106000000,1,APPFIN-AU-180-ctr APPFIN-CA-180-ctr APPFIN-CA-180-impression APPFIN-CA-180-like APPFIN-DE-180-ctr APPFIN-ES-180-ctr APPFIN-FR-180-ctr APPFIN-GB-180-ctr APPFIN-MX-180-ctr APPFIN-MX-180-like APPFIN-US-180-ctr APPFIN-US-180-impression APPFIN-US-180-like,,,,,,,
7301564381996285953,https://ads.tiktok.com/business/creativecenter/topads/7301564381996285953/pc/en,,dívida/quitação,Declined for Finance due to a bad credit history? Call today ☎️ 1300 425 610. - - - #creditrepair #defaultremoval #debtfree #debtmanagement #badcreditloans #badcredit #badcreditproblems #creditrepair #creditreport #equifax #equifaxcreditrepair #creditrepair #creditrestoration #credit #creditscore #creditrepairservices #finance #financebrokersaustralia #mortgagebroker,266,15,23,0.27,médio,,AU,1,57,lead_generation,Others,label_13108000000,75,FIN-AU-180-impression FIN-AU-180-like,,,,,,,
7338540152736137217,https://ads.tiktok.com/business/creativecenter/topads/7338540152736137217/pc/en,,seguros/indenizações,Soeurs Bégin - Accident,264,6,0,0.45,médio,www.clicassure.com/,CA,1,16,lead_generation/traffic,Others,label_13102000000,89,FIN-CA-180-impression FIN-CA-180-like,,,,,,,
7582998240825540624,https://ads.tiktok.com/business/creativecenter/topads/7582998240825540624/pc/en,Better,outros,Get your membership with Better today.,259,1,4,0.35,alto,ad.doubleclick.net/ddm/clk/629311126;436093697;n;gdpr=$%7BGDPR%7D;gdpr_consent=$%7BGDPR_CONSENT_755%7D,GB,1,20,traffic,TikTok Ads Manager,label_13102000000,103,FIN-GB-180-impression,,,,,,,
7468060050259705873,https://ads.tiktok.com/business/creativecenter/topads/7468060050259705873/pc/en,LocalHealthSelect,outros,Get extra benefits most people don’t even know exist,254,24,31,0.06,médio,localhealthselect.com/,US,1,28,conversion,TikTok Ads Manager,label_13102000000,203,FIN-US-180-impression,,,,,,,
7491876901428199441,https://ads.tiktok.com/business/creativecenter/topads/7491876901428199441/pc/en,Brydens Lawyers,seguros/indenizações,Unable to work due to injury or illness? Let Brydens Lawyers help you claim relief with a free check,251,1,26,0.31,alto,,AU,1,45,lead_generation,TikTok Ads Manager,label_13102000000,76,FIN-AU-180-impression FIN-AU-180-like,,,,,,,
7439000124191981575,https://ads.tiktok.com/business/creativecenter/topads/7439000124191981575/pc/en,Top Injury Claims,seguros/indenizações,Don't Miss Out After A Car Accident!!,251,9,9,0.31,médio,www.tt.topinjuryclaims.com/main,US,1,40,lead_generation,TikTok Ads Manager,label_13102000000,179,FIN-US-180-impression,,,,,,,
7129467650958802945,https://ads.tiktok.com/business/creativecenter/topads/7129467650958802945/pc/en,,dívida/quitação,"😱 Experience (if you dare) the Amazon Number 1 🥇 #bestseller series. ℹ️Their plan is simple. Renovate and get the house sold before deep winter. But with spiralling debts, a marriage in crisis, and a terror not of this world, they'll be lucky to make it out alive. #booktok #scarybooks #hauntedhouse #books #bookworm #bookclubs #bookish  #horrorfiction #bookseries #supernaturalthrillers #audiobooks  #kindle #kindleunlimited",250,0,2,0.26,médio,www.amazon.com/gp/product/B09HV4D3P5,GB/US,2,10,traffic/conversion,Others,label_23118000000,16,KW-debt-GB KW-debt-US,,,,,,,
7515426185138421777,https://ads.tiktok.com/business/creativecenter/topads/7515426185138421777/pc/en,,adiantamento/empréstimo,"49.5% Rep APR (variable).  Warning: late repayments can cause you serious money problems. For help, go to the ‘Money Helper’ website. We are a broker, not a lender. We may receive a commission from the lender.",250,12,6,0.2,alto,collectloan.co.uk/tt,GB,1,10,conversion,Others,label_13109000000,123,FIN-GB-180-impression,,,,,,,
7621195005814833169,https://ads.tiktok.com/business/creativecenter/topads/7621195005814833169/pc/en,,adiantamento/empréstimo,Acheter seul.e en 2026 : mission impossible ou stratégie possible? 👀 #remaxquebec #podcast,248,18,2,0.93,médio,,CA,1,57,video_view,Others,label_13999000000,91,FIN-CA-180-impression FIN-CA-180-like,,,,,,,
7528204825285853201,https://ads.tiktok.com/business/creativecenter/topads/7528204825285853201/pc/en,Banco Azteca,banco/conta digital,Tu también envía dinero a México a Elektra y Banco Azteca para que tu familia lo reciba completo.,248,8,0,0.47,médio,www.bancoazteca.com.mx/servicios/envios-y-transferencias/envios-internacionales-usa.html,US,1,17,video_view,TikTok Ads Manager,label_13100000000,143,FIN-US-180-impression,,,,,,,
7486899360711163920,https://ads.tiktok.com/business/creativecenter/topads/7486899360711163920/pc/en,,dívida/quitação,"At David Sklar & Associates, we’ve helped thousands of Ontarians escape the stress of debt. Whether you're overwhelmed by credit card payments, dodging collection calls, or simply unsure what to do next — you're not alone. Licensed Insolvency Trustee Richard Sklar explains how real solutions like Consumer Proposals or Bankruptcy can help you take back control of your finances. 💼✨ 👉 Call us at 647-697-7723 🌐 Learn more: www.davidsklar.com #DebtRelief #ConsumerProposal #BankruptcyHelp #OntarioDebtHelp #FinancialFreedom #DavidSklar #CreditCardDebt #DebtSolutions #TorontoTikTok #MoneyStress #LicensedInsolvencyTrustee",242,14,9,0.32,alto,davidsklar.com/,CA,1,54,lead_generation/conversion,Others,label_13999000000,92,FIN-CA-180-impression FIN-CA-180-like,,,,,,,
7535485376946094081,https://ads.tiktok.com/business/creativecenter/topads/7535485376946094081/pc/en,,impostos/restituição,💥Accident? Fault or not? Watch how Total Automotive makes it EASY 💪 🚗 Recovery 🚙 Replacement 🔧 Repairs All sorted. All fast. National Service 🇬🇧 📞 Need help? Call 020 8187 6999 #totalautomotive #rrrpolicy #carclaims #fy #caraccident #national #supercars #ford #porsche #audi #cargram #turbo #toyota #mercedes,241,0,0,0.75,baixo,,GB,1,84,lead_generation/reach,Others,label_13102000000,206,FIN-GB-180-impression,,,,,,,
7421873260365824007,https://ads.tiktok.com/business/creativecenter/topads/7421873260365824007/pc/en,Medical Negligence Claims,seguros/indenizações,FREE legal Advice Available: Seek Guidance Today,238,1,10,0.36,alto,,GB,1,32,lead_generation,TikTok Ads Manager,label_13102000000,158,FIN-GB-180-impression,,,,,,,
7530267520605929490,https://ads.tiktok.com/business/creativecenter/topads/7530267520605929490/pc/en,,outros,Tenancy deposits must be protected by law.  Nearly 40% of NI deposits aren’t.,230,5,1,0.19,alto,www.tenancydepositscheme.com/is-my-deposit-protected/,GB,1,38,traffic,TikTok Ads Manager,label_13999000000,119,FIN-GB-180-impression,,,,,,,
7571198513838063623,https://ads.tiktok.com/business/creativecenter/topads/7571198513838063623/pc/en,,seguros/indenizações,Get up to €600 of compensation per passenger!,229,16,29,0.36,médio,form.refly.org/en-gb/claim,GB/DE/FR/AE/AZ/MA/BO/VN/KH/IT/EG/IE/DK/NG/BD/IL/DO/AU/TR/CH/HU/UA/CR/KE/DZ/GT/PT/PY/KW/NO/IQ/BY/SE/CZ/PH/BE/ID/SG/KZ/PK/RO/MY/CA/AR/UY/BH/JP/SA/AT/ES/OM/FI/PA/PL/ZA/NZ/KR/TH/LK/LB/QA/NL/GR,63,50,lead_generation,TikTok Ads Manager,label_13102000000,71,FIN-AU-180-impression FIN-AU-180-like FIN-CA-180-impression FIN-CA-180-like FIN-GB-180-impression,,,,,,,
7576535306331815954,https://ads.tiktok.com/business/creativecenter/topads/7576535306331815954/pc/en,oly.,outros,You could save thousands on the cha-ching with Oly’s novated leasing deals! T&Cs apply,225,0,2,0.39,médio,www.oly.com.au/shop-cars/toyota/hilux,AU,1,13,lead_generation/traffic,TikTok Ads Manager,label_13102000000,47,FIN-AU-180-impression FIN-AU-180-like,,,,,,,
7608826994302910481,https://ads.tiktok.com/business/creativecenter/topads/7608826994302910481/pc/en,,impostos/restituição,Save this for when your looking to escape the rental trap! #stoprenting #houseandland #buildingahouse #firsthomebuyer ,223,6,19,0.43,médio,,AU,1,53,reach/lead_generation,Others,label_13109000000,79,FIN-AU-180-impression FIN-AU-180-like,,,,,,,
7540085336103321616,https://ads.tiktok.com/business/creativecenter/topads/7540085336103321616/pc/en,,adiantamento/empréstimo,Banks say “maybe.” We say “let’s grow.” Business loans for businesses of all sizes.,223,9,34,0.29,médio,possibly.com/business-loans,US,1,33,lead_generation,TikTok Ads Manager,label_13111000000,154,FIN-US-180-impression,,,,,,,
7609799390861967361,https://ads.tiktok.com/business/creativecenter/topads/7609799390861967361/pc/en,,seguros/indenizações,Get up to €600 of compensation per passenger!,221,4,3,0.6,baixo,form.refly.org/en-gb/claim/,KE/KH/SE/KW/SA/AR/SG/NO/MA/FI/NL/CR/IE/IQ/GB/LK/KZ/CH/DO/DE/BY/HU/PT/AU/ZA/CZ/PH/IL/OM/ID/CA/PY/UY/TH/PK/UA/DZ/BO/AT/AZ/PL/AE/BH/LB/BD/RO/TR/JP/IT/PA/EG/MY/VN/GT/QA/BE/KR/ES/GR/FR/DK/NG/NZ,63,41,lead_generation,TikTok Ads Manager,label_13102000000,76,FIN-AU-180-impression FIN-AU-180-like FIN-CA-180-impression FIN-CA-180-like FIN-GB-180-impression,,,,,,,
7421875089048682514,https://ads.tiktok.com/business/creativecenter/topads/7421875089048682514/pc/en,Medical Negligence Claims,seguros/indenizações,Medical Claims Made Simple,219,1,5,0.41,alto,,GB,1,17,lead_generation,TikTok Ads Manager,label_13102000000,146,FIN-GB-180-impression,,,,,,,
7415836618001743880,https://ads.tiktok.com/business/creativecenter/topads/7415836618001743880/pc/en,Budget Policy,orçamento/planilha/controle de gastos,"Find the right OSHC for less. Compare, Attractive offers on OSHC!",214,13,2,0.45,médio,,AU,1,28,lead_generation,TikTok Ads Manager,label_13102000000,82,FIN-AU-180-impression FIN-AU-180-like,,,,,,,
7590216655885238288,https://ads.tiktok.com/business/creativecenter/topads/7590216655885238288/pc/en,,orçamento/planilha/controle de gastos,"Comment below, how are you budgeting for 2026? Interested in the google sheets spreadsheet template? Link in our bio to our Ultimate Bucket Budget Spreadsheet by savvy sheets boutique🥰 ✨  This template also works with the downloadable google sheets app so you can do your budgeting on the go!  🫶 Leave a comment below, how are you budgeting for 2026?  Disclaimer: This video and spreadsheet are for fictional illustrative purposes and provide general information only. They do not take into account your personal objectives, situation, or needs and do not constitute personalised advice. Always consult a qualified professional for advice tailored to your situation. The budget spreadsheets offered are tools to assist with personal organisation.   #2026budget #newyearbudget #budgeting #savemoney #googleworkspace ",205,4,3,0.3,médio,savvysheetsboutique.com/products/ultimate-bucket-budget-spreadsheet-by-savvy-sheets-boutique,US/AU/CA/NZ,4,75,conversion,Others,label_20106000000,25,APPFIN-AU-180-ctr APPFIN-CA-180-ctr APPFIN-CA-180-impression APPFIN-CA-180-like APPFIN-US-180-ctr APPFIN-US-180-impression APPFIN-US-180-like,"""setting up my budget for 2026 so I can continue to reach my financial goals 🌸✨"" (cozinha rosa, estética)",55,22,9,2,"5,7,12","41,60,71"
7595136015926444050,https://ads.tiktok.com/business/creativecenter/topads/7595136015926444050/pc/en,,seguros/indenizações,Get complete peace of mind® for less with our breakdown cover!,204,0,7,0.37,alto,www.rac.co.uk/breakdown-cover,GB,1,11,conversion,TikTok Ads Manager,label_13102000000,113,FIN-GB-180-impression,,,,,,,
7606170024021835777,https://ads.tiktok.com/business/creativecenter/topads/7606170024021835777/pc/en,,seguros/indenizações,Get up to €600 of compensation per passenger!,201,1,0,0.54,médio,form.refly.org/en-gb/claim/,GB/ES/NZ/NO/DK/UA/NL/US/CH/HU/AE/PT/IE/SE/CA/AT/TR/RO/FR/CZ/PL/BE/IT/QA/DE/AU/FI/GR,28,41,lead_generation,TikTok Ads Manager,label_13999000000,68,FIN-AU-180-impression FIN-AU-180-like FIN-CA-180-impression FIN-CA-180-like FIN-GB-180-impression FIN-US-180-impression,,,,,,,
7597836661837398017,https://ads.tiktok.com/business/creativecenter/topads/7597836661837398017/pc/en,,outros,Daşary ýurtdan pul ugratmak ýa-almak hyzmaty #bepay ,196,3,2,0.79,baixo,bepay.store/,TR/CR/GR/VN/TH/CZ/PA/LK/AR/BO/ES/NL/DE/FR/DZ/GB/PK/LB/BD/NZ/FI/IE/AZ/BH/SA/IQ/BY/IL/MY/MA/IT/KW/SE/BE/AU/NG/ID/SG/KZ/UY/PY/DO/JP/PL/QA/PH/OM/HU/CH/PT/KR/BR/KE/AE/AT/EG/KH/RO/GT/CA/NO/ZA/DK,63,57,video_view,Others,label_20106000000,87,APPFIN-CA-180-ctr APPFIN-CA-180-impression APPFIN-CA-180-like,,,,,,,
7480991189875195912,https://ads.tiktok.com/business/creativecenter/topads/7480991189875195912/pc/en,,outros,Request your *NO COST* will kit today!,196,10,11,0.31,alto,,US,1,21,lead_generation,TikTok Ads Manager,label_13102000000,191,FIN-US-180-impression,,,,,,,
7608043085637599249,https://ads.tiktok.com/business/creativecenter/topads/7608043085637599249/pc/en,,seguros/indenizações,Get up to €600 of compensation per passenger!,195,1,3,0.61,baixo,form.refly.org/en-gb/claim/,GB/ES/NZ/NO/DK/UA/NL/US/CH/HU/AE/PT/IE/SE/CA/AT/TR/RO/FR/CZ/PL/BE/IT/QA/DE/AU/FI/GR,28,42,lead_generation,TikTok Ads Manager,label_13999000000,84,FIN-AU-180-impression FIN-AU-180-like FIN-CA-180-impression FIN-CA-180-like FIN-GB-180-impression FIN-US-180-impression,,,,,,,
7582329545455403025,https://ads.tiktok.com/business/creativecenter/topads/7582329545455403025/pc/en,,dívida/quitação,Kiss late fees goodbye with Gauss spot 💋 #moneytok #dfc #debtfree #moneymanagement #personalfinance ,194,2,0,0.19,alto,www.gauss.money/,US,1,12,traffic/lead_generation,Others,label_20106000000,14,APPFIN-US-180-ctr APPFIN-US-180-impression APPFIN-US-180-like,Xmas shopping stress free knowing Gauss will spot me up to $500 😭💸💋,35,10,5,3,"6,10,12","4,9,12"
7599728129838448656,https://ads.tiktok.com/business/creativecenter/topads/7599728129838448656/pc/en,,adiantamento/empréstimo,Taux et conditions varient selon le profil de crédit. Sous réserve d'approbation.,194,7,7,0.41,médio,autofixcredit.ca/quebec-approbations/,CA,1,17,lead_generation,TikTok Ads Manager,label_13108000000,90,FIN-CA-180-impression FIN-CA-180-like,,,,,,,
7488100919067607047,https://ads.tiktok.com/business/creativecenter/topads/7488100919067607047/pc/en,OnlyFunds,outros,Check out OnlyFunds and start making your money work for you today.,194,0,0,0.48,médio,apps.apple.com/us/app/onlyfunds/id6759209678,US,1,16,reach,Others,label_13110000000,168,FIN-US-180-impression,,,,,,,
7424167647241814034,https://ads.tiktok.com/business/creativecenter/topads/7424167647241814034/pc/en,pretauto60minutes,outros,Voiture pour UBER. Appliquez en 30 secondes !,192,21,6,0.37,médio,,CA,1,23,lead_generation,TikTok Ads Manager,label_13111000000,98,FIN-CA-180-impression FIN-CA-180-like,,,,,,,
7594440476409921553,https://ads.tiktok.com/business/creativecenter/topads/7594440476409921553/pc/en,,seguros/indenizações,How Much Is An Injury Worth? Find Out!,190,7,10,0.31,médio,form.typeform.com/to/Rr1CDJck,AU,1,16,lead_generation,TikTok Ads Manager,label_13102000000,85,FIN-AU-180-impression FIN-AU-180-like,,,,,,,
7509202702468956167,https://ads.tiktok.com/business/creativecenter/topads/7509202702468956167/pc/en,Affinity_CU,banco/conta digital,The banking solutions you need AND the values-based service you deserve. Join Affinity today!,187,1,2,0.44,alto,www.affinitycu.ca/meet-affinity/choose-affinity,CA,1,6,reach,TikTok Ads Manager,label_13100000000,45,FIN-CA-180-impression FIN-CA-180-like,,,,,,,
7628712536885067796,https://ads.tiktok.com/business/creativecenter/topads/7628712536885067796/pc/en,,outros,"Suncoast offers you benefits, perks, and savings on everyday services just for being our member!",185,0,2,0.4,médio,www.suncoast.com/Why-Suncoast/Membership-Benefits,US,1,7,lead_generation,TikTok Video Editor,label_13100000000,127,FIN-US-180-impression,,,,,,,
7681564658290507783,https://ads.tiktok.com/business/creativecenter/topads/7681564658290507783/pc/en,,adiantamento/empréstimo,Looking for a new car? We could help! £0 deposit options available!,181,7,24,0.27,alto,apply.carloans365.com/apply-now-11/,GB,1,8,lead_generation/conversion,TikTok Ads Manager,label_13111000000,149,FIN-GB-180-impression,,,,,,,
7465473069759807495,https://ads.tiktok.com/business/creativecenter/topads/7465473069759807495/pc/en,Spaceship: Investing App,investimento/aposentadoria,"With Spaceship Voyager, you can start investing in professionally managed portfolios.",180,4,0,0.11,alto,www.spaceship.com.au/voyager/boosts/,AU,1,23,traffic,TikTok Ads Manager,label_20106000000,3,APPFIN-AU-180-ctr,,,,,,,
7462541033869492240,https://ads.tiktok.com/business/creativecenter/topads/7462541033869492240/pc/en,Auto Rate Cutter,seguros/indenizações,Drivers are Saving Big this month!,178,13,11,0.3,médio,track.thebillshredder.com/68acd4a5656507ab32527b9d,US,1,31,lead_generation/conversion,TikTok Ads Manager,label_13102000000,184,FIN-US-180-impression,,,,,,,
7609799247412903937,https://ads.tiktok.com/business/creativecenter/topads/7609799247412903937/pc/en,,seguros/indenizações,Get up to €600 of compensation per passenger!,177,7,4,0.5,baixo,form.refly.org/en-gb/claim/,KE/KH/SE/KW/SA/AR/SG/NO/MA/FI/NL/CR/IE/IQ/GB/LK/KZ/CH/DO/DE/BY/HU/PT/AU/ZA/CZ/PH/IL/OM/ID/CA/PY/UY/TH/PK/UA/DZ/BO/AT/AZ/PL/AE/BH/LB/BD/RO/TR/JP/IT/PA/EG/MY/VN/GT/QA/BE/KR/ES/GR/FR/DK/NG/NZ,63,44,lead_generation,TikTok Ads Manager,label_13102000000,73,FIN-AU-180-impression FIN-AU-180-like FIN-CA-180-impression FIN-CA-180-like FIN-GB-180-impression,,,,,,,
7528055322076200976,https://ads.tiktok.com/business/creativecenter/topads/7528055322076200976/pc/en,,outros,"SendNOW — сервис международных денежных переводов. С помощью SendNOW вы можете перевести деньги в Россию и другие страны напрямую с карты, счёта или через местные платёжные системы. Поддерживается более 100 стран отправления и 193 направления. Деньги приходят получателю прямо на карту или банковский счёт. Без заморозки средств и без задержек. SendNOW пользуются люди по всей Европе и в других странах. Через приложение отправляют деньги родным, родителям, фрилансерам, репетиторам, удалённым сотрудникам и наставникам. Каждый перевод проверяет оператор. Если в реквизитах ошибка, мы сообщим об этом — вы сможете всё быстро исправить. Что можно с помощью SendNOW: Переводить деньги в Россию, Узбекистан, Казахстан, Украину, Беларусь, Молдову, Армению, Грузию и другие страны Отправлять переводы с банковской карты или счёта Получать переводы напрямую на карту или счёт Следить за статусом перевода в реальном времени Пользоваться сервисом через веб-сайт в браузере, Android или iOS Как перевести деньги в Россию | Международные денежные переводы SendNOW Скачайте приложение или откройте веб-версию: 🌐 https://sendnow.money/ru  #перевестиденьги #криптовалюта #какперевестиденьгивроссию #приложениедляденежныхпереводов #sendnow #денежныепереводы #переводывроссию",174,6,1,0.27,médio,sendnow.money/ru,DE/CH/NL/PT/RO/KR/HU/GR/FI/FR/SG/ES/DK/TH/BE/IE/PL/AE/CZ/IT/JP/AT/SE/NO,24,22,traffic,Others,label_20106000000,13,APPFIN-DE-180-ctr APPFIN-ES-180-ctr APPFIN-FR-180-ctr,,,,,,,
7308733161650388994,https://ads.tiktok.com/business/creativecenter/topads/7308733161650388994/pc/en,,dívida/quitação,Do you have a bad credit history? Call Credit Mend Australia Today on 1300 425 610. Have you been turned down for finance and referred to Equifax? ☎️ 1300 425 610 📲 0414 000 165 📩 info@creditmend.com.au 🌐 www.creditmend.com.au - - - - #creditrepair #debtfree  #debtmanagement #badcreditloans #badcredit #badcreditproblems #creditrepair #creditreport #equifax #equifaxcreditrepair #creditrepair #creditrestoration #credit #creditscore #creditrepairservices #finance #financebrokersaustralia #mortgagebroker ,173,8,11,0.38,médio,,AU,1,42,lead_generation,Others,label_13108000000,87,FIN-AU-180-impression FIN-AU-180-like,,,,,,,
7609799386278297617,https://ads.tiktok.com/business/creativecenter/topads/7609799386278297617/pc/en,,seguros/indenizações,Delayed or cancelled flight in the last 3 years? Get up to US $650 in compensation!,172,2,12,0.41,médio,form.refly.org/en-gb/claim,DK/FI/NO/SE/RO/GR/IE/AT/UA/PL/CH/BE/ES/CZ/DE/IT/FR/GB/NL/US/KE/KH/KW/SA/AR/SG/MA/CR/IQ/LK/KZ/DO/BY/HU/PT/AU/ZA/PH/IL/OM/ID/CA/PY/UY/TH/PK/DZ/BO/AZ/AE/BH/LB/BD/TR/JP/PA/EG/MY/VN/GT/QA/KR/NG/NZ,64,41,lead_generation,TikTok Ads Manager,label_13102000000,75,FIN-AU-180-impression FIN-AU-180-like FIN-CA-180-impression FIN-GB-180-impression FIN-US-180-impression,,,,,,,
7545875590327402503,https://ads.tiktok.com/business/creativecenter/topads/7545875590327402503/pc/en,,seguros/indenizações,Mortgage payment increase? 😡 Our rates are extremely low right now I will have a quote sent out to you today! There's an 80% chance I can save you thousands of dollars right now for the same coverage you have! We serve ALL of Texas.  📲214-884-5354 jbailleu@farmersagent.com,172,5,17,0.34,médio,,US,1,99,lead_generation,Others,label_13102000000,167,FIN-US-180-impression,,,,,,,
7442349989689786375,https://ads.tiktok.com/business/creativecenter/topads/7442349989689786375/pc/en,pretauto60minutes,adiantamento/empréstimo,Mauvais crédit ? Obtenez votre prêt auto ! Prêt Auto 60 Minutes offre des solutions de financement.,171,10,1,0.41,médio,,CA,1,11,lead_generation,TikTok Ads Manager,label_13111000000,113,FIN-CA-180-impression,,,,,,,
7634201777832394772,https://ads.tiktok.com/business/creativecenter/topads/7634201777832394772/pc/en,,outros,Decision in Minutes,169,3,2,0.31,alto,apply.carfinance4u.com/,GB,1,38,lead_generation,TikTok Ads Manager,label_13109000000,141,FIN-GB-180-impression,,,,,,,
7465460625356472327,https://ads.tiktok.com/business/creativecenter/topads/7465460625356472327/pc/en,Spaceship: Investing App,investimento/aposentadoria,"Set, forget, and let Spaceship do the rest. Consider the PDS & TMD at spaceship.com.au",163,1,2,0.16,alto,www.spaceship.com.au/voyager/,AU,1,21,traffic,TikTok Ads Manager,label_20106000000,5,APPFIN-AU-180-ctr,,,,,,,
7460067931071987729,https://ads.tiktok.com/business/creativecenter/topads/7460067931071987729/pc/en,,adiantamento/empréstimo,"49.5% rep APR (variable), broker not a lender. Late payments can cause money problems.",163,7,12,0.22,alto,collectloan.co.uk/tt,GB,1,29,conversion,Others,label_13111000000,156,FIN-GB-180-impression,,,,,,,
7593366924177752080,https://ads.tiktok.com/business/creativecenter/topads/7593366924177752080/pc/en,,outros,"Отправляйте деньги родным, друзьям, коллегам, сотрудникам и фрилансерам через приложение SendNOW. Доступные способы отправки: 💳 С банковской карты; 🏦 С банковского счёта; 🪙 С криптовалютного кошелька. Переводы приходят на карту любого российского банка. Преимущества SendNOW: ⚡️ Быстрые переводы из Европы, США, Великобритании: деньги доходят за несколько минут; 🌍 Большой выбор валют; 📱 Мобильное приложение доступно в официальных сторах: App Store, Google Play; 👀 Отслеживание и контроль переводов в приложении; 🕒 Переводы доступны 24/7, без выходных. Можно не только отправлять деньги, но и запрашивать переводы на свои реквизиты. 🌐 Сайт: https://sendnow.money/ru #денежныепереводы #переводвРоссию #деньгивРоссию #перевестиденьги #приложениедляпереводов      ",161,4,2,0.32,médio,sendnow.money/ru,NO/DE/PT/IT,4,22,traffic,Others,label_20106000000,40,APPFIN-DE-180-ctr,,,,,,,
7374819842917662721,https://ads.tiktok.com/business/creativecenter/topads/7374819842917662721/pc/en,Your Tax Professional,dívida/quitação,IRS debt keeping you up at night? That’s why we built Practical Tax Solutions.,158,7,13,0.22,médio,www.ptsnow.tax/welcome,US,1,18,lead_generation/conversion/traffic,TikTok Ads Manager,label_24113000000,35,KW-debt-US,,,,,,,
7050609357046841345,https://ads.tiktok.com/business/creativecenter/topads/7050609357046841345/pc/en,waylessquotes,seguros/indenizações,This website helps drivers save money,156,4,0,0.29,médio,www.jerlnk.com/262DXM/2ZD5R36/,US/CA/AU,3,18,lead_generation/conversion/traffic,TikTok Ads Manager,label_13102000000,89,FIN-AU-180-impression FIN-AU-180-like FIN-CA-180-impression FIN-US-180-impression,,,,,,,
7483573808224092161,https://ads.tiktok.com/business/creativecenter/topads/7483573808224092161/pc/en,,dívida/quitação,"Struggling with debt in Ontario? Richard Sklar, Licensed Insolvency Trustee at David Sklar & Associates, explains how a Consumer Proposal can help you eliminate debt. Thousands of Canadians are finding relief and starting fresh with the right help. Call 647-697-7723 or visit davidsklar.com for your free consultation. #DebtHelp #OntarioDebtRelief #ConsumerProposal #BankruptcyCanada #DebtFreeJourney #CanadianFinance #MoneyTips #DavidSklarAndAssociates #LicensedInsolvencyTrustee #DebtSolutionsCanada",154,10,20,0.23,médio,davidsklar.com/debt-calculator/,CA,1,56,lead_generation/conversion,Others,label_13999000000,103,FIN-CA-180-impression,,,,,,,
7462540881250484241,https://ads.tiktok.com/business/creativecenter/topads/7462540881250484241/pc/en,BillShredder,seguros/indenizações,New Safe Driver Discount Now Available!,152,12,6,0.48,médio,track.thebillshredder.com/68acd4a5656507ab32527b9d,US,1,32,lead_generation,TikTok Ads Manager,label_13102000000,187,FIN-US-180-impression,,,,,,,
7464642483436584961,https://ads.tiktok.com/business/creativecenter/topads/7464642483436584961/pc/en,BillShredder,seguros/indenizações,Drivers are Saving Big this month!,149,11,0,0.19,médio,track.thebillshredder.com/68acd4a5656507ab32527b9d,US,1,28,lead_generation/conversion,TikTok Ads Manager,label_13102000000,189,FIN-US-180-impression,,,,,,,
7495749827696820232,https://ads.tiktok.com/business/creativecenter/topads/7495749827696820232/pc/en,pretauto60minutes,adiantamento/empréstimo,"Faites confiance à Prêt Auto 60 Minutes, vos experts en financement auto 2e et 3e chance.",149,15,8,0.38,médio,,CA,1,34,lead_generation,TikTok Ads Manager,label_13109000000,117,FIN-CA-180-impression,,,,,,,
7437202630286327816,https://ads.tiktok.com/business/creativecenter/topads/7437202630286327816/pc/en,VeteransUnited,adiantamento/empréstimo,VA Home Loans for Veterans. The No. 1 VA Lender.,147,8,5,0.04,alto,www.veteransunited.com/lp/,US,1,51,traffic,TikTok Ads Manager,label_13111000000,156,FIN-US-180-impression,,,,,,,
7548947270453641224,https://ads.tiktok.com/business/creativecenter/topads/7548947270453641224/pc/en,,seguros/indenizações,Negotiating alone? Big mistake. Let a lawyer back you up.,145,8,11,0.39,médio,,US,1,57,lead_generation,TikTok Ads Manager,label_13102000000,227,FIN-US-180-impression,,,,,,,
7379982728173174801,https://ads.tiktok.com/business/creativecenter/topads/7379982728173174801/pc/en,pretauto60minutes,adiantamento/empréstimo,"Chez Prêt Auto 60 Minutes, on trouve ton véhicule au meilleur prix ! Écris-nous !",143,8,2,0.4,médio,,CA,1,10,lead_generation,TikTok Video Editor,label_13111000000,116,FIN-CA-180-impression,,,,,,,
7564741546152607751,https://ads.tiktok.com/business/creativecenter/topads/7564741546152607751/pc/en,,seguros/indenizações,Get complete peace of mind® for less with our breakdown cover!,138,0,4,0.37,alto,www.rac.co.uk/breakdown-cover,GB,1,11,conversion,TikTok Ads Manager,label_13102000000,148,FIN-GB-180-impression,,,,,,,
7506284326028509185,https://ads.tiktok.com/business/creativecenter/topads/7506284326028509185/pc/en,,adiantamento/empréstimo,"49.5% Rep APR (variable).  Warning: late repayments can cause you serious money problems. For help, go to the ‘Money Helper’ website. We are a broker, not a lender. We may receive a commission from the lender.",136,2,2,0.19,alto,collectloan.co.uk/tt,GB,1,18,conversion,Others,label_13109000000,151,FIN-GB-180-impression,,,,,,,
7517654476369215506,https://ads.tiktok.com/business/creativecenter/topads/7517654476369215506/pc/en,Affinity_CU,banco/conta digital,The banking solutions you need AND the values-based service you deserve. Join Affinity today!,134,1,1,0.42,alto,www.affinitycu.ca/meet-affinity/choose-affinity,CA,1,30,reach,TikTok Ads Manager,label_13100000000,62,FIN-CA-180-impression,,,,,,,
7509973140689960978,https://ads.tiktok.com/business/creativecenter/topads/7509973140689960978/pc/en,Invisalign®,orçamento/planilha/controle de gastos,Find a doctor to explore options to fit your budget.,132,0,2,0.26,médio,www.invisalign.com/find-a-doctor,US,1,74,lead_generation,TikTok Ads Manager,label_20106000000,24,APPFIN-US-180-ctr APPFIN-US-180-impression APPFIN-US-180-like,,,,,,,
7576841604108386320,https://ads.tiktok.com/business/creativecenter/topads/7576841604108386320/pc/en,,impostos/restituição,"Ready to take the leap into your first home? With a house & land package, we’re with you every step of the way, from finance to front door! Let’s make your first home journey simple and stress-free! Check out our House & Land Packages – link in bio",132,2,0,0.78,médio,,AU,1,25,lead_generation/video_view,Others,label_13102000000,86,FIN-AU-180-impression FIN-AU-180-like,,,,,,,
7594928875017797640,https://ads.tiktok.com/business/creativecenter/topads/7594928875017797640/pc/en,Wells Fargo,banco/conta digital,"Trojan armor, check. USC debit card, check. Customize your eligible Wells Fargo USC Debit Card today",131,0,3,0.46,médio,ad.doubleclick.net/ddm/trackclk/N6049.4510682TIKTOK.COM/B34957961.438297012;dc_trk_aid=631118906;dc_trk_cid=248686995;dc_lat=;dc_rdid=;tag_for_child_directed_treatment=;tfua=;gdpr=$%7BGDPR%7D;gdpr_consent=$%7BGDPR_CONSENT_755%7D;ltd=;dc_tdv=1,US,1,15,reach,TikTok Ads Manager,label_13100000000,135,FIN-US-180-impression,,,,,,,
7540646519847616529,https://ads.tiktok.com/business/creativecenter/topads/7540646519847616529/pc/en,,dívida/quitação,More than 6K in debt?,127,11,9,0.41,médio,totalsecure.typeform.com/to/AEMrTXtd,GB,1,95,lead_generation,Others,label_13108000000,29,FIN-GB-180-impression KW-debt-GB,,,,,,,
7345110666916823042,https://ads.tiktok.com/business/creativecenter/topads/7345110666916823042/pc/en,Symple Lending,adiantamento/empréstimo,Rates as Low as 6.99%,126,1,5,0.33,médio,mysympleloan.com/apply-now,US,1,15,conversion/lead_generation/reach,TikTok Ads Manager,label_13109000000,137,FIN-US-180-impression,,,,,,,
7598173509299896327,https://ads.tiktok.com/business/creativecenter/topads/7598173509299896327/pc/en,,seguros/indenizações,Get complete peace of mind® for less with our breakdown cover!,123,0,1,0.41,alto,www.rac.co.uk/breakdown-cover,GB,1,15,conversion,TikTok Ads Manager,label_13102000000,135,FIN-GB-180-impression,,,,,,,
7587400342779002896,https://ads.tiktok.com/business/creativecenter/topads/7587400342779002896/pc/en,,outros,Stop losing money on fees,122,2,3,0.66,médio,www.collectnpay.com/,AU/IE/LV/HU/GB/AT/LT/NO/ES/RO/CY/PT/EE/RS/AE/SI/BO/FI/SK/QA/BE/SE/CZ/NL/GR/PL/CH/FR/BG/HR/SA/IL/DK/DE/IT/KZ/MX/US,38,51,lead_generation/conversion,TikTok Ads Manager,label_20106000000,71,APPFIN-MX-180-ctr APPFIN-US-180-ctr APPFIN-US-180-impression APPFIN-US-180-like,,,,,,,
7652671282858033159,https://ads.tiktok.com/business/creativecenter/topads/7652671282858033159/pc/en,,outros,Tenancy deposits have to be protected in a government approved scheme – by law,122,2,1,0.26,médio,www.tdsnorthernireland.com/ismydepositprotected/,GB,1,37,traffic,TikTok Ads Manager,label_13102000000,137,FIN-GB-180-impression,,,,,,,
7459436404055506962,https://ads.tiktok.com/business/creativecenter/topads/7459436404055506962/pc/en,BillShredder,seguros/indenizações,New Safe Driver Discount Now Available!,121,20,0,0.28,médio,trk.moneysavingmarketplace.org/cf/r/691e8eb785ad1600128b942a,US,1,36,conversion/lead_generation,TikTok Ads Manager,label_13102000000,193,FIN-US-180-impression,,,,,,,
7432414020676763664,https://ads.tiktok.com/business/creativecenter/topads/7432414020676763664/pc/en,,adiantamento/empréstimo,"49.5% Rep APR (variable).  Warning: late repayments can cause you serious money problems. For help, go to the ‘Money Helper’ website. We are a broker, not a lender. We may receive a commission from the lender. #loan #badcredit #borrow ",121,1,2,0.15,alto,collectloan.co.uk/tt,GB,1,30,conversion,Others,label_13109000000,159,FIN-GB-180-impression,,,,,,,
7587400330045046785,https://ads.tiktok.com/business/creativecenter/topads/7587400330045046785/pc/en,,outros,Stop losing money on fees,119,34,0,0.56,baixo,www.collectnpay.com/,SA/FR/IT/MX/US/ES/AU/GB/DE/CZ/PL/RS/AT/BE/IL/HU/BG/RO/FI/IE/PT/GR/CY/DK/KZ/LV/LT/NO/EE/AE/SI/BO/SK/QA/SE/NL/CH/HR,38,18,conversion/lead_generation,TikTok Ads Manager,label_20106000000,72,APPFIN-MX-180-ctr APPFIN-US-180-ctr APPFIN-US-180-impression APPFIN-US-180-like,,,,,,,
7424164703784779784,https://ads.tiktok.com/business/creativecenter/topads/7424164703784779784/pc/en,pretauto60minutes,outros,"Nouveaux arrivants, choisissez votre véhicule! Demande sans frais en 30 secondes.",115,7,1,0.4,médio,,CA,1,23,lead_generation,TikTok Ads Manager,label_13111000000,119,FIN-CA-180-impression,,,,,,,
7602763330012856338,https://ads.tiktok.com/business/creativecenter/topads/7602763330012856338/pc/en,,seguros/indenizações,Un accidente no debería arruinar tu vida,113,0,2,0.44,médio,,US,1,24,lead_generation,TikTok Ads Manager,label_13102000000,199,FIN-US-180-impression,,,,,,,
7460075272404402177,https://ads.tiktok.com/business/creativecenter/topads/7460075272404402177/pc/en,LocalHealthSelect,outros,Get extra benefits most people don’t even know exist,113,9,7,0.07,médio,localhealthselect.com/,US,1,11,conversion,TikTok Ads Manager,label_13102000000,221,FIN-US-180-impression,,,,,,,
7659254905538379784,https://ads.tiktok.com/business/creativecenter/topads/7659254905538379784/pc/en,,adiantamento/empréstimo,Quick Approval: No Waiting Required for Your Loan!,111,4,5,0.12,médio,www.flashmoney.com.au/,AU,1,16,traffic,TikTok Ads Manager,label_13111000000,84,FIN-AU-180-impression FIN-AU-180-like,,,,,,,
7621245316251942920,https://ads.tiktok.com/business/creativecenter/topads/7621245316251942920/pc/en,Not Mention,seguros/indenizações,This website helps drivers save money,111,13,3,0.38,médio,trk.savifynow.com/cf/r/69f32c744484a10012341261,US,1,52,lead_generation,TikTok Ads Manager,label_13102000000,200,FIN-US-180-impression,,,,,,,
7609799390861180929,https://ads.tiktok.com/business/creativecenter/topads/7609799390861180929/pc/en,,seguros/indenizações,Check your eligibility today!,110,7,2,0.53,baixo,form.refly.org/en-gb/claim/,DK/FI/NO/SE/KE/KH/KW/SA/AR/SG/MA/NL/CR/IE/IQ/GB/LK/KZ/CH/DO/DE/BY/HU/PT/AU/ZA/CZ/PH/IL/OM/ID/CA/PY/UY/TH/PK/UA/DZ/BO/AT/AZ/PL/AE/BH/LB/BD/RO/TR/JP/IT/PA/EG/MY/VN/GT/QA/BE/KR/ES/GR/FR/NG/NZ,63,41,lead_generation,TikTok Ads Manager,label_13102000000,78,FIN-AU-180-impression FIN-AU-180-like FIN-CA-180-impression FIN-GB-180-impression,,,,,,,
7486863642682310673,https://ads.tiktok.com/business/creativecenter/topads/7486863642682310673/pc/en,,outros,Enjoy limited-time discounts when you buy now!,110,0,0,0.15,médio,www.ttshop.shop/,IE/CA,2,46,conversion,Others,label_13102000000,127,FIN-CA-180-impression,,,,,,,
7523042123308924945,https://ads.tiktok.com/business/creativecenter/topads/7523042123308924945/pc/en,,adiantamento/empréstimo,"🚨 DON'T go straight to the bank for your home loan! Here's why 👇 6 reasons why mortgage brokers >>> banks 💯 🎯 We LEGALLY have to put YOU first (NCCP + Best Interest Duty) 🏦 30+ lenders vs 1 bank = WAY more options 🗣️ We speak YOUR language! English, Nepali, Hindi, Urdu & Punjabi 💰 FREE service (banks pay us, not you!) 🤝 We handle EVERYTHING - conveyancer, real estate, inspectors, the lot 📈 Ongoing support = better rates for LIFE Your move? 👀 DM us or call 📞 0431 790 889 #mortgagebroker #homeloan #firsthomebuyer #nepalimortgagebroker #homebuying #finance #dreamhome #melbourne #sydney #perth #brisbane #everesthomeloans #rajeshkandel #fyp #australia #realestate #moneytips #multilingual #nepali #homeownership ",108,0,2,0.45,médio,www.everesthomeloans.com.au/contact-us,AU,1,241,lead_generation/reach,Others,label_13109000000,67,FIN-AU-180-impression FIN-AU-180-like,,,,,,,
7535325516507037697,https://ads.tiktok.com/business/creativecenter/topads/7535325516507037697/pc/en,,dívida/quitação,Elimina cualquier cosa de tu reporte de crédito #CreditRepair #EliminaTusDeudas #MejoraTuCredito #ConsejosDeCredito #EducacionFinanciera #LatinosEnUSA #CreditoPerfecto,107,0,14,0.62,médio,www.tiktok.com/share/user/7134856797730538538,US,1,43,reach/lead_generation,Others,label_13108000000,255,FIN-US-180-impression,,,,,,,
7535873076660568080,https://ads.tiktok.com/business/creativecenter/topads/7535873076660568080/pc/en,,outros,See if you could lower what you pay each month!,105,10,4,0.35,médio,,GB,1,25,lead_generation,TikTok Ads Manager,label_13999000000,23,FIN-GB-180-impression KW-debt-GB,,,,,,,
7613601841662607378,https://ads.tiktok.com/business/creativecenter/topads/7613601841662607378/pc/en,,outros,Apply Now for a Same Day Decision...,105,9,7,0.73,baixo,greenlightcarfinance.com/tt-ac/,GB,1,62,lead_generation,TikTok Ads Manager,label_13109000000,178,FIN-GB-180-impression,,,,,,,
7096059914036035585,https://ads.tiktok.com/business/creativecenter/topads/7096059914036035585/pc/en,Alaska Mosquito Guard FREE QUOTE,seguros/indenizações,We hate mosquitos!! Get covered for summer!,104,3,1,0.51,médio,,US,1,17,lead_generation,TikTok Ads Manager,label_13102000000,245,FIN-US-180-impression,,,,,,,
7630943542085025812,https://ads.tiktok.com/business/creativecenter/topads/7630943542085025812/pc/en,,outros,Pay Stubs Generator for Small Businesses: Get Yours Now!,103,1,0,0.21,médio,www.realcheckstubs.com/,US,1,16,conversion,TikTok Ads Manager,label_13999000000,171,FIN-US-180-impression,,,,,,,
7444403525251612679,https://ads.tiktok.com/business/creativecenter/topads/7444403525251612679/pc/en,Budget Policy,orçamento/planilha/controle de gastos,Compare OSHC & OVHC @budgetpolicy,102,7,6,0.45,médio,,AU,1,32,lead_generation,TikTok Ads Manager,label_13102000000,94,FIN-AU-180-impression FIN-AU-180-like,,,,,,,
7582310688795869192,https://ads.tiktok.com/business/creativecenter/topads/7582310688795869192/pc/en,,seguros/indenizações,Have you been injured in a car accident in Florida? We can help. ,102,1,1,0.46,médio,www.armandoinjurylaw.com/,US,1,25,reach,TikTok Ads Manager,label_13102000000,134,FIN-US-180-impression,,,,,,,
7534742002909151239,https://ads.tiktok.com/business/creativecenter/topads/7534742002909151239/pc/en,,adiantamento/empréstimo,Rehabilita tu crédito y avanza: ¡Contacta a un asesor hoy!,102,3,1,0.41,médio,,US,1,22,lead_generation,TikTok Ads Manager,label_13108000000,215,FIN-US-180-impression,,,,,,,
7485307316926283777,https://ads.tiktok.com/business/creativecenter/topads/7485307316926283777/pc/en,,adiantamento/empréstimo,"49.5% rep APR (variable), broker not a lender, late payments can cause serious money problems.",102,2,0,0.27,alto,collectloan.co.uk/tt,GB,1,13,conversion,Others,label_13111000000,157,FIN-GB-180-impression,,,,,,,
7520231582394433552,https://ads.tiktok.com/business/creativecenter/topads/7520231582394433552/pc/en,,outros,Just Enter Postcode For An Offer,102,12,12,0.35,médio,springbokproperties.co.uk/tiktok,GB,1,60,lead_generation,TikTok Ads Manager,label_13999000000,171,FIN-GB-180-impression,,,,,,,
7517209374634082305,https://ads.tiktok.com/business/creativecenter/topads/7517209374634082305/pc/en,,adiantamento/empréstimo,Avinash Sharma 0433035165 #assetfinance #equipmentfinance #carfinance #carloan #fyp ,101,4,4,0.65,médio,,AU,1,84,lead_generation,Others,label_13102000000,95,FIN-AU-180-impression FIN-AU-180-like,,,,,,,
7345675424427212801,https://ads.tiktok.com/business/creativecenter/topads/7345675424427212801/pc/en,,dívida/quitação,HAVE YOU BEEN TURNED DOWN FOR A CAR LOAN DUE TO YOUR CREDIT HISTORY? Let us help you restore your credit score and regain your financial freedom ✅ - - - - - #creditrepair #defaultremoval #debtfree #debtmanagement #badcreditloans #badcredit #badcreditproblems #creditrepair #creditreport #equifax #equifaxcreditrepair #creditrepair #creditrestoration #credit #creditscore #creditrepairservices #finance #financebrokersaustralia #mortgagebroker ,100,4,2,0.58,médio,,AU,1,36,lead_generation,Others,label_13108000000,96,FIN-AU-180-impression FIN-AU-180-like,,,,,,,
7594532285820633104,https://ads.tiktok.com/business/creativecenter/topads/7594532285820633104/pc/en,,impostos/restituição,¿Vives de tus rentas o trabajas para ellas? 😩 Ser dueño de propiedades no debería ser un segundo empleo de tiempo completo. Cambia las carpetas y el estrés por un sistema que te permite gestionar todo desde un solo lugar. Descarga Renta Fácil y profesionaliza tu gestión hoy #bienesraices #gestioninmobiliaria #dueñosdepropiedades #rentas #agenteinmobiliario ,98,0,0,0.64,baixo,gestor-propiedades-pro-etd8.vercel.app/,AR/CO/MX/PE/GT/PY/CL/CR/PA/DO,10,80,lead_generation/traffic,Others,label_20106000000,99,APPFIN-MX-180-ctr,,,,,,,
7593430759836598289,https://ads.tiktok.com/business/creativecenter/topads/7593430759836598289/pc/en,,banco/conta digital,Ultra Slim Cowhide Leather Wallet: Sleek & Durable,97,3,1,0.16,médio,www.doubleoakessentials.com/collections/cloud-wallets/products/cloud-wallet,US,1,41,conversion,TikTok Ads Manager,label_22102000000,35,KW-money_tracker-US,,,,,,,
7534742207627493383,https://ads.tiktok.com/business/creativecenter/topads/7534742207627493383/pc/en,,adiantamento/empréstimo,Reparación de crédito fácil: Tu futuro financiero te espera.,97,4,4,0.4,médio,,US,1,28,lead_generation,TikTok Ads Manager,label_13108000000,224,FIN-US-180-impression,,,,,,,
7611598042319699985,https://ads.tiktok.com/business/creativecenter/topads/7611598042319699985/pc/en,,impostos/restituição,"When an accident happens, your first move matters. Try our free case calculator today!",94,0,1,0.49,médio,illinoishammer.com/contact/,US,1,25,lead_generation,TikTok Ads Manager,label_13102000000,165,FIN-US-180-impression,,,,,,,
7523388994568060944,https://ads.tiktok.com/business/creativecenter/topads/7523388994568060944/pc/en,,adiantamento/empréstimo,"𝐃𝐨𝐧’𝐭 𝐑𝐢𝐬𝐤 𝐘𝐨𝐮𝐫 𝐃𝐞𝐩𝐨𝐬𝐢𝐭 𝐚𝐭 𝐀𝐮𝐜𝐭𝐢𝐨𝐧𝐬 — 𝐅𝐨𝐥𝐥𝐨𝐰 𝐓𝐡𝐞𝐬𝐞 𝟒 𝐒𝐭𝐞𝐩𝐬! Buying your first home or upgrading in Australia? Auctions are exciting but unforgiving. Before you bid, make sure you’ve done these 4 important things: contract review, price setting, borrowing checks, and saving confirmation. Protect your money and secure your future with Everest Home Loans. Share this with someone heading to an auction! ☎️ 0431 790 889 📱https://vist.ly/3n8irb8 📧 raj@everesthomeloans.com.au 🔗 everesthomeloans.com.au 🎯फोन गरौ, कुरा गरौ, घर किन्ने सपना पुरा गरौ !! #NepaliMortgageBrokerInAustralia #FirstHomeBuyer #PropertyAuctionTips #EverestHomeLoans #HomeBuyingAustralia #NepaliHomeBuyers #MortgageBrokerMelbourne #AuctionReady #DreamHomeAustralia #FinanceTips",92,1,6,0.54,médio,www.everesthomeloans.com.au/contact-us,AU,1,107,reach,Others,label_13109000000,85,FIN-AU-180-impression FIN-AU-180-like,,,,,,,
7345675424426819585,https://ads.tiktok.com/business/creativecenter/topads/7345675424426819585/pc/en,,dívida/quitação,Do you have a bad credit history due to unforeseen circumstances getting incarcerated? Call Credit Mend Australia leaders in debt management and credit score Restoration Today on 1300 425 610. ☎️ 1300 425 610 📲 0414 000 165 📩 info@creditmend.com.au 🌐 www.creditmend.com.au - - - - #creditrepair #debtfree  #debtmanagement #badcreditloans #badcredit #badcreditproblems #creditrepair #creditreport #equifax #equifaxcreditrepair #creditrepair #creditrestoration #credit #creditscore #creditrepairservices #finance #financebrokersaustralia #mortgagebroker,92,3,5,0.46,médio,,AU,1,38,lead_generation,Others,label_13108000000,97,FIN-AU-180-impression FIN-AU-180-like,,,,,,,
7353556761826344977,https://ads.tiktok.com/business/creativecenter/topads/7353556761826344977/pc/en,,dívida/quitação,Are you Over financially committed due to your bad credit history! Call Credit Mend Australia  today on  ☎️ 1300 425 610   - - #creditmend #credit #debt #creditrepair #creditrepairservices #repaircredit #creditrepair #defaultremoval #debtfree #debtmanagement #badcreditloans #badcredit #badcreditproblems #creditrepair #creditreport #equifax #equifaxcreditrepair #creditrepair #creditrestoration #credit #creditscore #creditrepairservices #finance #financebrokersaus ,92,2,6,0.46,médio,creditmendaustralia.com.au/fix-bad-debt/,AU,1,51,lead_generation/traffic,Others,label_13108000000,99,FIN-AU-180-impression FIN-AU-180-like,,,,,,,
7566445571905945616,https://ads.tiktok.com/business/creativecenter/topads/7566445571905945616/pc/en,,seguros/indenizações,"🚨 Breaking News: Insurers are exploring a $200 preventive-care bonus through Joepill.com to cut ER and urgent-care costs. Preventive medicine just went mainstream. 💊 Get treated online — no waiting rooms, no copays, no hassle. 👉 Start today at JoePill.com #BreakingNews #PreventiveCare #Joepill #Telehealth #HealthcareInnovation",90,1,0,0.54,médio,joepill.com/,US,1,11,lead_generation/conversion/traffic,Others,label_13102000000,204,FIN-US-180-impression,,,,,,,
7620328325696765970,https://ads.tiktok.com/business/creativecenter/topads/7620328325696765970/pc/en,,outros,Homeowners need to see this before it's too late...,89,0,7,0.3,médio,tok4l.ttrk.io/69bbf5d44fb492ef0cfbe02a,US,1,44,lead_generation,TikTok Ads Manager,label_13102000000,196,FIN-US-180-impression,,,,,,,
7582530709862137874,https://ads.tiktok.com/business/creativecenter/topads/7582530709862137874/pc/en,,seguros/indenizações,Get complete peace of mind® for less with our breakdown cover!,88,0,3,0.44,médio,www.rac.co.uk/breakdown-cover,GB,1,10,conversion,TikTok Ads Manager,label_13102000000,162,FIN-GB-180-impression,,,,,,,
7609886924891127824,https://ads.tiktok.com/business/creativecenter/topads/7609886924891127824/pc/en,,seguros/indenizações,Check your eligibility today!,85,1,1,0.68,baixo,form.refly.org/en-gb/claim/,RO/GR/IE/SE/AT/UA/PL/CH/BE/ES/DK/FI/CZ/DE/IT/FR/NO/GB/NL/KE/KH/KW/SA/AR/SG/MA/CR/IQ/LK/KZ/DO/BY/HU/PT/AU/ZA/PH/IL/OM/ID/CA/PY/UY/TH/PK/DZ/BO/AZ/AE/BH/LB/BD/TR/JP/PA/EG/MY/VN/GT/QA/KR/NG/NZ,63,51,lead_generation,TikTok Ads Manager,label_13102000000,87,FIN-AU-180-impression FIN-AU-180-like FIN-CA-180-impression FIN-GB-180-impression,,,,,,,
7613600677915426824,https://ads.tiktok.com/business/creativecenter/topads/7613600677915426824/pc/en,,outros,Is Today Your New Car Day? Apply Now...,83,8,0,0.71,baixo,greenlightcarfinance.com/tt-ac/,GB,1,57,lead_generation,TikTok Ads Manager,label_13102000000,184,FIN-GB-180-impression,,,,,,,
7463277066818699265,https://ads.tiktok.com/business/creativecenter/topads/7463277066818699265/pc/en,BillShredder,seguros/indenizações,Drivers are Saving Big this month!,82,12,0,0.51,médio,www.doesmyzipqualify.com/67f4814bd172f2ccd8a415b6,US,1,30,conversion/lead_generation,TikTok Ads Manager,label_13102000000,214,FIN-US-180-impression,,,,,,,
7607292742050381840,https://ads.tiktok.com/business/creativecenter/topads/7607292742050381840/pc/en,,seguros/indenizações,Get up to €600 of compensation per passenger!,80,0,1,0.57,baixo,form.refly.org/en-gb/claim/,GB/ES/NZ/NO/DK/UA/NL/US/CH/HU/AE/PT/IE/SE/CA/AT/TR/RO/FR/CZ/PL/BE/IT/QA/DE/AU/FI/GR,28,42,lead_generation,TikTok Ads Manager,label_13999000000,83,FIN-AU-180-impression FIN-CA-180-impression FIN-GB-180-impression FIN-US-180-impression,,,,,,,
7504623237157748737,https://ads.tiktok.com/business/creativecenter/topads/7504623237157748737/pc/en,,seguros/indenizações,"BIG NEWS! 🌍💰 You can now send USD to 170+ countries from Grey. Rio ➡️ Beijing, Cairo ➡️ New York, Lagos ➡️ Munich? We’ve got you covered.  #anywherewithgrey #techtok #Grey",79,0,0,0.77,médio,,MA/EG/DZ/NG/GB/CA/BR/US/ZA,9,44,video_view,Others,label_20106000000,70,APPFIN-CA-180-ctr APPFIN-CA-180-impression APPFIN-CA-180-like APPFIN-US-180-ctr APPFIN-US-180-impression APPFIN-US-180-like,,,,,,,
7193961771954487298,https://ads.tiktok.com/business/creativecenter/topads/7193961771954487298/pc/en,LowestRatesAuto,outros,Swipe left,79,2,1,0.31,médio,zoonkie.com/x/5871404,US,1,54,conversion/lead_generation/traffic,TikTok Ads Manager,label_13102000000,230,FIN-US-180-impression,,,,,,,
7170048016602382337,https://ads.tiktok.com/business/creativecenter/topads/7170048016602382337/pc/en,senior medicare programme,outros,Turning 65 soon? Don’t pick a Medicare plan before seeing this,79,7,5,0.14,médio,www.jerlnk.com/W3Z48Q/33P6ZCT/,US,1,13,lead_generation/conversion,TikTok Ads Manager,label_13102000000,248,FIN-US-180-impression,,,,,,,
7234297305160105985,https://ads.tiktok.com/business/creativecenter/topads/7234297305160105985/pc/en,Pre paid loans on homes.,adiantamento/empréstimo,Home equity lending with flexible qualification requirements.,76,1,1,0.5,médio,myprivatelender.com/free-consultation/,CA,1,35,lead_generation/reach/traffic,TikTok Ads Manager,label_13109000000,82,FIN-CA-180-impression,,,,,,,
7534742125222477842,https://ads.tiktok.com/business/creativecenter/topads/7534742125222477842/pc/en,,adiantamento/empréstimo,El mal crédito no es para siempre. Nosotros lo reparamos. Vuelve a financiarAgenda tu reparación YA.,75,5,2,0.4,médio,,US,1,33,lead_generation,TikTok Ads Manager,label_13108000000,205,FIN-US-180-impression,,,,,,,
7534742125222412306,https://ads.tiktok.com/business/creativecenter/topads/7534742125222412306/pc/en,,adiantamento/empréstimo,El mal crédito no es para siempre. Nosotros lo reparamos. Vuelve a financiarAgenda tu reparación YA.,74,2,4,0.43,médio,,US,1,18,lead_generation,TikTok Ads Manager,label_13108000000,218,FIN-US-180-impression,,,,,,,
7653130986352738311,https://ads.tiktok.com/business/creativecenter/topads/7653130986352738311/pc/en,,outros,Protect your deposits today.,74,1,2,0.24,médio,www.tenancydepositscheme.com/join-landlord,GB,1,49,traffic,TikTok Ads Manager,label_13102000000,153,FIN-GB-180-impression,,,,,,,
7605574243380592648,https://ads.tiktok.com/business/creativecenter/topads/7605574243380592648/pc/en,,seguros/indenizações,¡Compruebe ahora mismo cuándo puede recibir esta ayuda!,73,1,3,0.44,médio,trk.yourhealthplancoverage.com/699ecc73c24ced4aa3b58523,US,1,68,conversion/lead_generation,TikTok Ads Manager,label_13102000000,238,FIN-US-180-impression,,,,,,,
7637012843884920850,https://ads.tiktok.com/business/creativecenter/topads/7637012843884920850/pc/en,,outros,본 플랫폼의 에너지 렌탈더 낮은 비용 · 더 편리한 사용,72,0,3,0.23,médio,kinggo.cc/,DK/PL/FI/MY/IL/SA/GB/CA/US/SE/OM/BH/DE/BE/CH/VN/QA/KW/NL/MX/IE/SG/KR/JP,24,13,traffic,TikTok Video Editor,label_13116000000,83,FIN-CA-180-impression FIN-GB-180-impression FIN-US-180-impression,,,,,,,
7662221223452540949,https://ads.tiktok.com/business/creativecenter/topads/7662221223452540949/pc/en,Not Mention,outros,Vintage Duckbill Streetwear Cap,71,2,0,0.43,médio,earlyautumndesigns.com/products/vintage-duckbill-streetwear-cap,US/FI/GB/NZ/FR/NO/AU/IE/PL/DK/CA/IL/MX/DE/CH/AT/IT,17,34,product_sales/conversion,TikTok Ads Manager,label_22101000000,7,KW-paycheck-US,,,,,,,
7639081339748548624,https://ads.tiktok.com/business/creativecenter/topads/7639081339748548624/pc/en,,dívida/quitação,"✅ Reduce monthly payments ✅ Stop interest & charges ✅ Combine multiple debts ✅ Deal with creditors properly ✅ One affordable monthly payment ✅ Clear structured solution ✅ Avoid further escalation ✅ Support throughout the process ✅ Improve financial stability ✅ Become debt free over time May not be suitable in all circumstances. Fees may apply. Your credit rating may be affected. Free, impartial debt advice is available from MoneyHelper",70,5,0,0.39,médio,dylanhelpsdebt.com/get-help,GB,1,59,lead_generation,Others,label_13999000000,24,FIN-GB-180-impression KW-debt-GB,,,,,,,
7577394972481536017,https://ads.tiktok.com/business/creativecenter/topads/7577394972481536017/pc/en,,adiantamento/empréstimo,VA Home Loan Myths—BUSTED. 🏡🇺🇸 Too many veterans are losing out on the best benefit they earned because of misinformation. So we’re breaking down the biggest VA home loan myths — one video at a time. 💥 Myth: You need a perfect credit score. 💥 Myth: You can only use it once. 💥 Myth: It takes longer than a conventional loan. 💥 Myth: Sellers won’t accept VA offers. 📲 Truth: Your VA home loan is one of the most powerful financial tools you have. Use it. Build with it. Pass that stability on to your family. Follow along — we’re answering YOUR questions and helping more veterans finally use the benefits they earned. #VAHomeLoan #Veterans #VETLIFE #BattleBuddyApp #HomeOwnership   ,68,1,0,0.78,médio,,US,1,150,video_view/reach,Others,label_13111000000,216,FIN-US-180-impression,,,,,,,
7540646562234990593,https://ads.tiktok.com/business/creativecenter/topads/7540646562234990593/pc/en,,dívida/quitação,More than 6K in debt?,66,9,6,0.55,médio,totalsecure.typeform.com/to/AEMrTXtd,GB,1,64,lead_generation,Others,label_13108000000,35,FIN-GB-180-impression KW-debt-GB,,,,,,,
7562289511503183873,https://ads.tiktok.com/business/creativecenter/topads/7562289511503183873/pc/en,,seguros/indenizações,Injured? Get A Free Case Evaluation,65,1,3,0.39,médio,,US,1,24,lead_generation,TikTok Ads Manager,label_13102000000,185,FIN-US-180-impression,,,,,,,
7633587188106854420,https://ads.tiktok.com/business/creativecenter/topads/7633587188106854420/pc/en,,seguros/indenizações,Takes 30 Seconds to See If You Qualify,64,3,0,0.51,médio,track.procoveragesavings.com/cf/r/696aa0b80c3ce90012f1438b,US,1,149,lead_generation,TikTok Ads Manager,label_20106000000,71,APPFIN-US-180-ctr APPFIN-US-180-impression APPFIN-US-180-like,,,,,,,
7649355167792398357,https://ads.tiktok.com/business/creativecenter/topads/7649355167792398357/pc/en,,outros,Keep 95% Profit Split,63,0,2,0.5,baixo,fundednext.com/futures/flex,ZA/MA/SA/AE/IQ/IL/DE/NO/SE/CH/GB/BE/DK/FR/PE/CO/BO/CR/PR/UY/PA/DO/AR/EC/MX/NZ/CL/CA/BR/GT/AU/PY/PT/NL/CZ/IT/AT/ES/LT/BG/LV/HU/RO/RS/SK/HR/SI/EG/KE/NG/DZ/US,52,15,traffic/conversion,TikTok Ads Manager,label_13999000000,95,FIN-AU-180-impression FIN-CA-180-impression FIN-GB-180-impression FIN-US-180-impression,,,,,,,
7594441652417724433,https://ads.tiktok.com/business/creativecenter/topads/7594441652417724433/pc/en,,seguros/indenizações,How Much Is An Injury Worth? Find Out!,63,2,4,0.46,médio,form.typeform.com/to/Rr1CDJck,AU,1,33,lead_generation,TikTok Ads Manager,label_13102000000,109,FIN-AU-180-impression,,,,,,,
7459436919719428104,https://ads.tiktok.com/business/creativecenter/topads/7459436919719428104/pc/en,BillShredder,seguros/indenizações,Drivers are Saving Big this month!,61,2,0,0.53,médio,track.thebillshredder.com/68acd4a5656507ab32527b9d,US,1,24,conversion/lead_generation,TikTok Ads Manager,label_13102000000,225,FIN-US-180-impression,,,,,,,
7572168372256751632,https://ads.tiktok.com/business/creativecenter/topads/7572168372256751632/pc/en,Senior Benefits Program,outros,Take 30 Seconds,61,1,2,0.38,médio,trakly.click/cf/r/69cf50b47fd26e0012830d8e,US,1,36,lead_generation,TikTok Ads Manager,label_13102000000,264,FIN-US-180-impression,,,,,,,
7581996692641808391,https://ads.tiktok.com/business/creativecenter/topads/7581996692641808391/pc/en,,dívida/quitação,Homeowners - consolidate multiple debts into one monthly payment.   Rated 4.9/5 on Feefo!,59,3,0,0.41,médio,beaglefinance.me/tiktok/,GB,1,6,lead_generation,TikTok Ads Manager,label_13109000000,26,FIN-GB-180-impression KW-debt-GB,,,,,,,
7541069676387418130,https://ads.tiktok.com/business/creativecenter/topads/7541069676387418130/pc/en,BillShredder,seguros/indenizações,New Safe Driver Discount Now Available!,58,3,0,0.28,médio,trk.moneysavingmarketplace.org/cf/r/691e8eb785ad1600128b942a,US,1,29,lead_generation,TikTok Ads Manager,label_13102000000,219,FIN-US-180-impression,,,,,,,
7464642165173354512,https://ads.tiktok.com/business/creativecenter/topads/7464642165173354512/pc/en,BillShredder,seguros/indenizações,Drivers are Saving Big this month!,58,3,0,0.57,médio,trk.moneysavingmarketplace.org/cf/r/691e8eb785ad1600128b942a,US,1,28,lead_generation/conversion,TikTok Ads Manager,label_13102000000,223,FIN-US-180-impression,,,,,,,
7485307301797773329,https://ads.tiktok.com/business/creativecenter/topads/7485307301797773329/pc/en,,adiantamento/empréstimo,"49.5% rep APR (variable), broker not a lender, late payments can cause serious money problems.",58,1,0,0.21,médio,collectloan.co.uk/tt,GB,1,20,conversion,Others,label_13111000000,175,FIN-GB-180-impression,,,,,,,
7506284344437522449,https://ads.tiktok.com/business/creativecenter/topads/7506284344437522449/pc/en,,adiantamento/empréstimo,"49.5% Rep APR (variable).  Warning: late repayments can cause you serious money problems. For help, go to the ‘Money Helper’ website. We are a broker, not a lender. We may receive a commission from the lender.",57,2,1,0.26,médio,collectloan.co.uk/tt,GB,1,16,conversion,Others,label_13109000000,168,FIN-GB-180-impression,,,,,,,
7590216643617947664,https://ads.tiktok.com/business/creativecenter/topads/7590216643617947664/pc/en,,orçamento/planilha/controle de gastos,"Comment below, how are you budgeting for 2026? Interested in the google sheets spreadsheet template? Link in our bio to our Ultimate Bucket Budget Spreadsheet by savvy sheets boutique🥰 ✨  This template also works with the downloadable google sheets app so you can do your budgeting on the go!  🫶 Leave a comment below, how are you budgeting for 2026?  Disclaimer: This video and spreadsheet are for fictional illustrative purposes and provide general information only. They do not take into account your personal objectives, situation, or needs and do not constitute personalised advice. Always consult a qualified professional for advice tailored to your situation. The budget spreadsheets offered are tools to assist with personal organisation.   #2026budget #newyearbudget #budgeting #savemoney #googleworkspace ",56,2,1,0.47,baixo,savvysheetsboutique.com/products/ultimate-bucket-budget-spreadsheet-by-savvy-sheets-boutique,US/AU/CA/NZ,4,63,conversion,Others,label_20106000000,8,APPFIN-CA-180-ctr APPFIN-CA-180-impression APPFIN-CA-180-like APPFIN-US-180-ctr APPFIN-US-180-impression APPFIN-US-180-like KW-paycheck-US,,,,,,,
7609799245822164993,https://ads.tiktok.com/business/creativecenter/topads/7609799245822164993/pc/en,,seguros/indenizações,Check your eligibility today!,56,3,0,0.63,baixo,form.refly.org/en-gb/claim/,DK/FI/NO/SE/KE/KH/KW/SA/AR/SG/MA/NL/CR/IE/IQ/GB/LK/KZ/CH/DO/DE/BY/HU/PT/AU/ZA/CZ/PH/IL/OM/ID/CA/PY/UY/TH/PK/UA/DZ/BO/AT/AZ/PL/AE/BH/LB/BD/RO/TR/JP/IT/PA/EG/MY/VN/GT/QA/BE/KR/ES/GR/FR/NG/NZ,63,40,lead_generation,TikTok Ads Manager,label_13102000000,100,FIN-AU-180-impression FIN-CA-180-impression FIN-GB-180-impression,,,,,,,
7468058484333723665,https://ads.tiktok.com/business/creativecenter/topads/7468058484333723665/pc/en,LocalHealthSelect,outros,Get extra benefits most people don’t even know exist,56,4,3,0.21,médio,localhealthselect.com/,US,1,28,conversion,TikTok Ads Manager,label_13102000000,250,FIN-US-180-impression,,,,,,,
7651968726283141127,https://ads.tiktok.com/business/creativecenter/topads/7651968726283141127/pc/en,,adiantamento/empréstimo,Taux et conditions varient selon le profil de crédit. Sous réserve d'approbation.,55,1,4,0.55,médio,autofixcredit.ca/quebec-approbations/,CA,1,30,lead_generation,TikTok Ads Manager,label_13108000000,118,FIN-CA-180-impression,,,,,,,
7608409244049178625,https://ads.tiktok.com/business/creativecenter/topads/7608409244049178625/pc/en,,seguros/indenizações,"If you have been involved in a road accident, the last thing you want is to deal with the process of making a claim. Let us know what happened to you, and we can tell you your legal options. #VicLaw #TAC #RoadSafety #Compensation",50,2,0,0.33,médio,canisue.com.au/road-accidents/,AU,1,53,lead_generation/traffic,Others,label_13102000000,96,FIN-AU-180-impression,,,,,,,
7607292738103967745,https://ads.tiktok.com/business/creativecenter/topads/7607292738103967745/pc/en,,seguros/indenizações,Get up to €600 of compensation per passenger!,50,0,1,0.64,baixo,form.refly.org/en-gb/claim/,GB/ES/NZ/NO/DK/UA/NL/US/CH/HU/AE/PT/IE/SE/CA/AT/TR/RO/FR/CZ/PL/BE/IT/QA/DE/AU/FI/GR,28,43,lead_generation,TikTok Ads Manager,label_13999000000,103,FIN-AU-180-impression FIN-CA-180-impression FIN-GB-180-impression FIN-US-180-impression,,,,,,,
7483919475009355783,https://ads.tiktok.com/business/creativecenter/topads/7483919475009355783/pc/en,NexGen Business Finance,outros,Accelerate with Fast Financing. Flexibility that fits your business. Get the support you need,50,2,1,0.51,médio,wearenexgen.co.uk/fundingform/,GB,1,13,lead_generation,TikTok Ads Manager,label_13111000000,187,FIN-GB-180-impression,,,,,,,
7633512622570422280,https://ads.tiktok.com/business/creativecenter/topads/7633512622570422280/pc/en,,adiantamento/empréstimo,Trustpilot 5-Star Lenders,47,0,4,0.37,médio,get.updraft.com/,GB,1,34,conversion,Others,label_13111000000,22,FIN-GB-180-impression KW-debt-GB,,,,,,,
7607560879996354578,https://ads.tiktok.com/business/creativecenter/topads/7607560879996354578/pc/en,,adiantamento/empréstimo,Taux et conditions varient selon le profil de crédit. Sous réserve d'approbation.,47,1,2,0.6,médio,autofixcredit.ca/quebec-approbations/,CA,1,21,lead_generation,TikTok Ads Manager,label_13999000000,122,FIN-CA-180-impression,,,,,,,
7611756366461730832,https://ads.tiktok.com/business/creativecenter/topads/7611756366461730832/pc/en,,seguros/indenizações,Get up to €600 of compensation per passenger!,45,16,1,0.61,baixo,form.refly.org/en-gb/claim/,GB/BD/PH/QA/AU/IQ/TR/AR/IT/LK/KR/BE/EG/IE/NL/CZ/JP/MY/FI/GR/SG/BO/NZ/MA/RO/BY/PK/KE/VN/NG/ZA/PY/AE/BH/CR/CA/KH/DK/DO/FR/IL/LB/DZ/PT/SA/GT/KW/DE/CH/ID/ES/TH/AZ/OM/KZ/AT/PA/SE/PL/NO/UA/UY/HU,63,58,lead_generation,TikTok Ads Manager,label_13102000000,91,FIN-AU-180-impression FIN-CA-180-impression FIN-GB-180-impression,,,,,,,
7306784157073522690,https://ads.tiktok.com/business/creativecenter/topads/7306784157073522690/pc/en,,dívida/quitação,Good Credit Score Vs Bad Credit Score? For your obligation credit score assess  call credit Mend Australia today on  📞1300 425 610 - - #creditrepair #defaultremoval #debtfree #debtmanagement #badcreditloans #badcredit #badcreditproblems #creditrepair #creditreport #equifax #equifaxcreditrepair #creditrepair #creditrestoration #credit #creditscore #creditrepairservices #finance #financebrokersaustralia #mortgagebroker ,45,3,1,0.53,médio,,AU,1,61,lead_generation,Others,label_13108000000,119,FIN-AU-180-impression,,,,,,,
7597835494878560263,https://ads.tiktok.com/business/creativecenter/topads/7597835494878560263/pc/en,,outros,Is Your Credit Report Wrong?  #newyork #creditreport #attorney #wrongfulreporting,44,1,7,0.43,médio,,US,1,24,lead_generation,TikTok Ads Manager,label_13108000000,249,FIN-US-180-impression,,,,,,,
7462096939325620240,https://ads.tiktok.com/business/creativecenter/topads/7462096939325620240/pc/en,Auto Rate Cutter,seguros/indenizações,Drivers are Saving Big this month!,43,2,1,0.49,médio,www.thepennysaver.org/67c11847eeca6cb224af4f77,US,1,28,conversion/lead_generation,TikTok Ads Manager,label_13102000000,228,FIN-US-180-impression,,,,,,,
7464641479770177553,https://ads.tiktok.com/business/creativecenter/topads/7464641479770177553/pc/en,BillShredder,seguros/indenizações,New Safe Driver Discount Now Available!,42,9,0,0.49,médio,trk.moneysavingmarketplace.org/cf/r/691e8eb785ad1600128b942a,US,1,28,lead_generation/conversion,TikTok Ads Manager,label_13102000000,220,FIN-US-180-impression,,,,,,,
7442744361785622545,https://ads.tiktok.com/business/creativecenter/topads/7442744361785622545/pc/en,,adiantamento/empréstimo,"49.5% rep APR (variable). Broker, not a lender. Late patments can cause money problems.",42,0,1,0.25,médio,collectloan.co.uk/tt,GB,1,25,conversion,Others,label_13109000000,185,FIN-GB-180-impression,,,,,,,
7646367032419958802,https://ads.tiktok.com/business/creativecenter/topads/7646367032419958802/pc/en,,outros,Специально для Вас,42,0,0,0.37,baixo,,DE/IT/ES/GB,4,11,lead_generation,TikTok Video Editor,label_13999000000,212,FIN-GB-180-impression,,,,,,,
7688459139080798229,https://ads.tiktok.com/business/creativecenter/topads/7688459139080798229/pc/en,,outros,1200 Mackay - Enjoy 1-month free + $500 or 2-months free,42,0,1,0.63,baixo,,CA,1,7,lead_generation,TikTok Ads Manager,label_13999000000,142,FIN-CA-180-impression,,,,,,,
7560854678499229697,https://ads.tiktok.com/business/creativecenter/topads/7560854678499229697/pc/en,,dívida/quitação,"All eligible Australian residents struggling with debts over $10,000 will be offered debt relief.",42,0,0,0.66,baixo,deals.comparefirst.com.au/debtlr/,AU,1,20,lead_generation,TikTok Ads Manager,label_13109000000,101,FIN-AU-180-impression,,,,,,,
7394254912316063760,https://ads.tiktok.com/business/creativecenter/topads/7394254912316063760/pc/en,,seguros/indenizações,"Has this ever happened to you?   All Victorian road users are covered by the TAC - that includes cyclists.   If you’ve been injured in a transport accident, they’ll pay for medical treatment and maybe other benefits too. And if someone’s been negligent, you might also be able to sue.   Tell us what happened and we’ll give you your legal options – no fee, no obligation. #canisue #cyclist #roadbike #riding #bike #personalinjurylaw #viclaw #nowinnofee #TAC",42,15,0,0.37,médio,canisue.com.au/road-accidents/,AU,1,43,traffic/lead_generation,Others,label_13102000000,108,FIN-AU-180-impression,,,,,,,
7594602642980388881,https://ads.tiktok.com/business/creativecenter/topads/7594602642980388881/pc/en,,orçamento/planilha/controle de gastos,"Comment below, how are you budgeting for 2026? Interested in the google sheets spreadsheet template? Link in our bio to our Ultimate Bucket Budget Spreadsheet by savvy sheets boutique🥰 ✨  This template also works with the downloadable google sheets app so you can do your budgeting on the go!  🫶 Leave a comment below, how are you budgeting for 2026?  Disclaimer: This video and spreadsheet are for fictional illustrative purposes and provide general information only. They do not take into account your personal objectives, situation, or needs and do not constitute personalised advice. Always consult a qualified professional for advice tailored to your situation. The budget spreadsheets offered are tools to assist with personal organisation.   #2026budget #newyearbudget #budgeting #savemoney #googleworkspace ",41,0,0,0.6,baixo,savvysheetsboutique.com/products/ultimate-bucket-budget-spreadsheet-by-savvy-sheets-boutique,AU/CA/NZ/US,4,55,conversion,Others,label_20106000000,76,APPFIN-CA-180-ctr APPFIN-CA-180-impression APPFIN-CA-180-like APPFIN-US-180-ctr APPFIN-US-180-impression APPFIN-US-180-like,,,,,,,
7688265038188675080,https://ads.tiktok.com/business/creativecenter/topads/7688265038188675080/pc/en,,outros,Ограниченное количевство мест,41,0,0,0.5,baixo,dicidi-limozu.info/,ES/IT/IE/NL/GB/DK/SE/FR/NO/CH/PT/BE/AT/DE/FI,15,5,lead_generation,TikTok Ads Manager,label_13102000000,202,FIN-GB-180-impression,,,,,,,
7488822148745510930,https://ads.tiktok.com/business/creativecenter/topads/7488822148745510930/pc/en,OnlyFunds,investimento/aposentadoria,Where Influencers Invest: Don't miss out on making your money work for you.,39,0,1,0.66,médio,apps.apple.com/us/app/onlyfunds/id6759209678,US,1,28,reach,Others,label_13110000000,181,FIN-US-180-impression,,,,,,,
7621824252245737479,https://ads.tiktok.com/business/creativecenter/topads/7621824252245737479/pc/en,,outros,Con 15% de enganche asegura tu casa en Nubba Residencial. Regístrate y conoce más del proyecto,38,1,0,0.54,baixo,inmovacapital.com/contacto/,MX/US,2,40,lead_generation/reach,Others,label_13999000000,208,FIN-US-180-impression,,,,,,,
7548062765409583122,https://ads.tiktok.com/business/creativecenter/topads/7548062765409583122/pc/en,starloan,adiantamento/empréstimo,詳細はこちら,35,1,1,0.54,baixo,trc.globalupdate.site/fts/akRkHZUjZbVx-7j4f2B0SCmVS,JP/US/VN/CA,4,25,conversion/lead_generation/traffic,TikTok Ads Manager,label_13109000000,139,FIN-CA-180-impression FIN-US-180-impression,,,,,,,
7590216681721511952,https://ads.tiktok.com/business/creativecenter/topads/7590216681721511952/pc/en,,orçamento/planilha/controle de gastos,"Comment below, how are you budgeting for 2026? Interested in the google sheets spreadsheet template? Link in our bio to our Ultimate Bucket Budget Spreadsheet by savvy sheets boutique🥰 ✨  This template also works with the downloadable google sheets app so you can do your budgeting on the go!  🫶 Leave a comment below, how are you budgeting for 2026?  Disclaimer: This video and spreadsheet are for fictional illustrative purposes and provide general information only. They do not take into account your personal objectives, situation, or needs and do not constitute personalised advice. Always consult a qualified professional for advice tailored to your situation. The budget spreadsheets offered are tools to assist with personal organisation.   #2026budget #newyearbudget #budgeting #savemoney #googleworkspace ",34,0,0,0.56,baixo,savvysheetsboutique.com/products/ultimate-bucket-budget-spreadsheet-by-savvy-sheets-boutique,AU/US/CA/NZ,4,66,conversion,Others,label_20106000000,74,APPFIN-CA-180-ctr APPFIN-CA-180-impression APPFIN-CA-180-like APPFIN-US-180-ctr APPFIN-US-180-impression APPFIN-US-180-like,,,,,,,
7482960626265325584,https://ads.tiktok.com/business/creativecenter/topads/7482960626265325584/pc/en,Auto Rate Cutter,seguros/indenizações,New Safe Driver Discount Now Available!,34,4,0,0.49,médio,trk.moneysavingmarketplace.org/cf/r/691e8eb785ad1600128b942a,US,1,38,conversion/lead_generation,TikTok Ads Manager,label_13102000000,237,FIN-US-180-impression,,,,,,,
7443235119572303879,https://ads.tiktok.com/business/creativecenter/topads/7443235119572303879/pc/en,Daily News,seguros/indenizações,New Safe Driver Discount Now Available!,34,10,1,0.5,médio,trk.moneysavingmarketplace.org/cf/r/691e8eb785ad1600128b942a,US,1,26,lead_generation,TikTok Ads Manager,label_13102000000,246,FIN-US-180-impression,,,,,,,
7652574835923714066,https://ads.tiktok.com/business/creativecenter/topads/7652574835923714066/pc/en,,adiantamento/empréstimo,"Renting forever wasn't the plan. With pathways from $15k saved, see what's possible.",34,1,0,0.51,médio,www.mwcgroup.com.au/qualifier,AU,1,20,lead_generation,TikTok Ads Manager,label_13999000000,115,FIN-AU-180-impression,,,,,,,
7648903644955639826,https://ads.tiktok.com/business/creativecenter/topads/7648903644955639826/pc/en,,banco/conta digital,"Manage virtual cards, top-ups, balances and campaign payment records in one HLcard dashboard.",33,2,2,0.67,baixo,,US/ES/DE/FR/KH,5,16,lead_generation,TikTok Ads Manager,label_13999000000,271,FIN-US-180-impression,,,,,,,
7623067704519000084,https://ads.tiktok.com/business/creativecenter/topads/7623067704519000084/pc/en,,outros,Join Stride & Get Rewarded,33,5,2,0.53,médio,www.joinstride.ca/,CA,1,21,traffic/conversion,TikTok Ads Manager,label_13108000000,128,FIN-CA-180-impression,,,,,,,
7366809960204042256,https://ads.tiktok.com/business/creativecenter/topads/7366809960204042256/pc/en,,seguros/indenizações,"If you’ve been injured in a transport accident, the TAC will pay for medical treatment. And if someone’s been negligent, you might also be able to sue.   Tell us what happened and we’ll give you your legal options – no fee, no obligation.   #canisue #workcover #worksafe #personalinjurylaw #viclaw #nowinnofee #TAC #motorcycle #motorbike ",33,3,2,0.39,médio,canisue.com.au/road-accidents/,AU,1,43,lead_generation/traffic,Others,label_13102000000,106,FIN-AU-180-impression,,,,,,,
7301564381527195649,https://ads.tiktok.com/business/creativecenter/topads/7301564381527195649/pc/en,,dívida/quitação,Have you been declined for finance and referred to Equifax? #creditrepair #defaultremoval #debtfree #debtmanagement #badcreditloans #badcredit #badcreditproblems #creditrepair #creditreport #equifax #equifaxcreditrepair #creditrepair #creditrestoration #credit #creditscore #creditrepairservices #finance #financebrokersaustralia #mortgagebroker ,33,7,2,0.55,médio,,AU,1,42,lead_generation,Others,label_13108000000,122,FIN-AU-180-impression,,,,,,,
7425869492519190545,https://ads.tiktok.com/business/creativecenter/topads/7425869492519190545/pc/en,,seguros/indenizações,"You can be the safest driver on the road, yet still find yourself involved in a life-changing accident. Know your rights, understand your entitlements and get justice. Contact us today. #canisue #workcover #worksafe #personalinjurylaw #viclaw #nowinnofee #TAC",32,0,0,0.48,médio,canisue.com.au/road-accidents/,AU,1,50,lead_generation/traffic,Others,label_13102000000,113,FIN-AU-180-impression,,,,,,,
7353556777525051408,https://ads.tiktok.com/business/creativecenter/topads/7353556777525051408/pc/en,,dívida/quitação,"Have you ever wondered what a credit score is?‬ ‭It's not just a number; it's the heartbeat of your financial health, deciding the fate of‬ your credit applications! ☎️ Call today 1300 425 610. - - #creditrepair #defaultremoval #debtfree #debtmanagement #badcreditloans #badcredit #badcreditproblems #creditrepair #creditreport #equifax #equifaxcreditrepair #creditrepair #creditrestoration #credit #creditscore #creditrepairservices #finance #financebrokersaus ",32,3,1,0.62,baixo,creditmendaustralia.com.au/fix-bad-debt/,AU,1,44,lead_generation/traffic,Others,label_13108000000,118,FIN-AU-180-impression,,,,,,,
7562280246067118081,https://ads.tiktok.com/business/creativecenter/topads/7562280246067118081/pc/en,,seguros/indenizações,Injured? Get A Free Case Evaluation,31,5,1,0.48,médio,,US,1,33,lead_generation,TikTok Ads Manager,label_13102000000,213,FIN-US-180-impression,,,,,,,
7625548333818937362,https://ads.tiktok.com/business/creativecenter/topads/7625548333818937362/pc/en,,outros,take 30 seconds!!,31,1,0,0.57,baixo,trackpulse.click/cf/r/69d36c4e8433da001289209b,US,1,31,lead_generation,TikTok Ads Manager,label_13102000000,273,FIN-US-180-impression,,,,,,,
7548021908702806034,https://ads.tiktok.com/business/creativecenter/topads/7548021908702806034/pc/en,,seguros/indenizações,Injured? Know Your Rights. Take Action Today. ,31,5,1,0.49,médio,,GB,1,30,traffic/lead_generation,TikTok Ads Manager,label_13102000000,193,FIN-GB-180-impression,,,,,,,
7497294787394748417,https://ads.tiktok.com/business/creativecenter/topads/7497294787394748417/pc/en,,dívida/quitação,"💥 Feeling trapped by debt? You're not alone, there is a way out. Richard Sklar, from David Sklar & Associates, a Licensed Insolvency Trustee in Ontario, shares how taking the first step can change your life. 💬 Free consultations | 💸 Stop wage garnishments | 📞 End collection calls 💡 Don’t let fear hold you back. Help is one call away. Call: 647-697-7723 #DebtHelp #OntarioDebtRelief #ConsumerProposal #BankruptcyCanada #WageGarnishment #StopCollections #MentalHealthAndMoney #DavidSklar #FinancialFreedom #InsolvencyTrustee #MoneyAdvice #DebtFreeJourney",31,0,3,0.5,médio,davidsklar.com/,CA,1,43,lead_generation/conversion,Others,label_13999000000,130,FIN-CA-180-impression,,,,,,,
7345675419834679297,https://ads.tiktok.com/business/creativecenter/topads/7345675419834679297/pc/en,,dívida/quitação,Do you have a bad credit history? Bad credit can affect you financially upto 7 years.❌ Call Credit Mend Australia Today to regain your financial Freedom ☎️ 1300 425 610 #mortgagebrokers #fixbadcreditscore #carloan #carfinance #mortgage #mortgagebroker #creditrepair #defaultremoval #debtfree #debtmanagement #badcreditloans #badcredit #badcreditproblems #creditrepair #creditreport #equifax #equifaxcreditrepair #creditrepair #creditrestoration #credit #creditscore #creditrepairservices #finance #financebrokersaus ,31,0,2,0.57,baixo,,AU,1,43,lead_generation,Others,label_13108000000,125,FIN-AU-180-impression,,,,,,,
7481674387865272336,https://ads.tiktok.com/business/creativecenter/topads/7481674387865272336/pc/en,,dívida/quitação,"💷 Is your business ready to survive tough times—or are you just scraping by? Many business owners ignore key financial warning signs until it’s too late. If you want to thrive (not just survive), here are 3 red flags you can’t afford to overlook: 🔸 Cash flow is tight every month. Constantly scrambling to cover bills? You need better control over your income and expenses. 🔸 Debt keeps increasing. Relying on loans or credit to stay afloat? That’s a short-term solution that can bury your business without a plan. 🔸 No financial plan for the future. Reacting to problems instead of planning ahead is a recipe for stagnation and failure. Don’t let your business get stuck in survival mode. 📈 Contact me today at redboxfinancial.com to build a future-proof financial strategy! #BusinessSurvival #CashFlowManagement #FinancialStrategy #DebtManagement #Entrepreneurship #BusinessFinance #SmallBusinessSupport #PlanForGrowth #FinanceExpert #BusinessSuccess #FinancialPlanning #StayPrepared #ScalingSuccess",30,2,0,0.51,médio,,GB,1,42,lead_generation,Others,label_23102000000,33,KW-debt-GB,,,,,,,
7485703021097517063,https://ads.tiktok.com/business/creativecenter/topads/7485703021097517063/pc/en,,outros,Fast & Flexible Machine/Equipment Finance. Tailored to your Business. Quick Approval,30,0,2,0.58,médio,wearenexgen.co.uk/fundingform/,GB,1,15,lead_generation,TikTok Ads Manager,label_13109000000,197,FIN-GB-180-impression,,,,,,,
7520741332194492424,https://ads.tiktok.com/business/creativecenter/topads/7520741332194492424/pc/en,,impostos/restituição,Imagina que cada corte es una inversión para tu futuro. No pagues más renta. ¡Tu hogar te espera!,29,2,2,0.89,baixo,,US,1,35,lead_generation,TikTok Ads Manager,label_13999000000,234,FIN-US-180-impression,,,,,,,
7566761965239074823,https://ads.tiktok.com/business/creativecenter/topads/7566761965239074823/pc/en,,dívida/quitação,Struggling with CRA Tax Debt? You’re Not Alone.We Help Canadians Reduce or Eliminate Tax Debt .,29,7,1,0.5,médio,,CA,1,31,lead_generation,TikTok Ads Manager,label_13999000000,129,FIN-CA-180-impression,,,,,,,
7607559576460279816,https://ads.tiktok.com/business/creativecenter/topads/7607559576460279816/pc/en,,adiantamento/empréstimo,Taux et conditions varient selon le profil de crédit. Sous réserve d'approbation.,28,1,2,0.67,médio,autofixcredit.ca/quebec-approbations/,CA,1,17,lead_generation,TikTok Ads Manager,label_13999000000,124,FIN-CA-180-impression,,,,,,,
7611241169826021394,https://ads.tiktok.com/business/creativecenter/topads/7611241169826021394/pc/en,,adiantamento/empréstimo,"Go local with LincOne’s Mortgage Loan Officer, Alyssa and make your next home happen! NMLS 2406755.",27,0,0,0.54,médio,www.linconefcu.org/borrow/mortgage-loans,US,1,30,lead_generation,TikTok Ads Manager,label_13111000000,194,FIN-US-180-impression,,,,,,,
7306784144306323458,https://ads.tiktok.com/business/creativecenter/topads/7306784144306323458/pc/en,,dívida/quitação,What is a good idea d credit score? Call credit Mend Australia today on 1300 425 610. - - - #creditrepair #defaultremoval #debtfree #debtmanagement #badcreditloans #badcredit #badcreditproblems #creditrepair #creditreport #equifax #equifaxcreditrepair #creditrepair #creditrestoration #credit #creditscore #creditrepairservices #finance ,27,0,0,0.67,baixo,,AU,1,42,lead_generation,Others,label_13108000000,129,FIN-AU-180-impression,,,,,,,
7607169261732380679,https://ads.tiktok.com/business/creativecenter/topads/7607169261732380679/pc/en,,outros,✅ Skip The Sick joepill.com #PreventiveCare #deductible #healthcare #win #now ,26,0,0,0.89,médio,joepill.com/,US,1,12,conversion/reach,Others,label_13102000000,211,FIN-US-180-impression,,,,,,,
7561473656104124423,https://ads.tiktok.com/business/creativecenter/topads/7561473656104124423/pc/en,,adiantamento/empréstimo,Personal loans for those unexpected expenses,26,1,0,0.6,médio,loan.fairstone.ca/get-started/loans/,CA,1,32,traffic/reach,TikTok Ads Manager,label_13109000000,111,FIN-CA-180-impression,,,,,,,
7472577138429542416,https://ads.tiktok.com/business/creativecenter/topads/7472577138429542416/pc/en,,seguros/indenizações,"Where were you injured? → At work? → In a motor vehicle? → In a public place? → Do you have a serious illness? → Do you have a work-related disease? Tell us what happened and we’ll give you your legal options – no fee, no obligation. #canisue #workcover #worksafe #personalinjurylaw #viclaw #nowinnofee",26,2,3,0.5,baixo,canisue.com.au/,AU,1,33,traffic,Others,label_13102000000,112,FIN-AU-180-impression,,,,,,,
7443161573201657873,https://ads.tiktok.com/business/creativecenter/topads/7443161573201657873/pc/en,,adiantamento/empréstimo,"49.5% rep APR (variable). We’re a broker, not a lender. Late payments can cause money problems. ",25,0,0,0.34,médio,collectloan.co.uk/tt,GB,1,21,conversion,Others,label_13109000000,188,FIN-GB-180-impression,,,,,,,
7488136524242501650,https://ads.tiktok.com/business/creativecenter/topads/7488136524242501650/pc/en,OnlyFunds,outros,Check out OnlyFunds and start making your money work for you today.,24,0,1,0.61,baixo,apps.apple.com/us/app/onlyfunds/id6759209678,US,1,16,reach,Others,label_13110000000,226,FIN-US-180-impression,,,,,,,
7604035821264355345,https://ads.tiktok.com/business/creativecenter/topads/7604035821264355345/pc/en,SBNRI_NRI_Investment,investimento/aposentadoria,15 min dedicated 1-on-1 portfolio review call with NRI wealth manager.,24,0,0,0.48,baixo,app-runner.sbnri.com/,GB/US/SG/AE/AU,5,62,conversion,TikTok Ads Manager,label_13110000000,121,FIN-AU-180-impression FIN-GB-180-impression FIN-US-180-impression,,,,,,,
7475727981199867911,https://ads.tiktok.com/business/creativecenter/topads/7475727981199867911/pc/en,Market Signals,investimento/aposentadoria,Share valuable investment tips to help you make more informed decisions.,24,2,0,0.57,baixo,,US/DE,2,16,lead_generation,TikTok Ads Manager,label_13110000000,299,FIN-US-180-impression,,,,,,,
7634201779962429460,https://ads.tiktok.com/business/creativecenter/topads/7634201779962429460/pc/en,,outros,Decision in Minutes,24,2,0,0.51,médio,apply.carfinance4u.com/,GB,1,38,lead_generation,TikTok Ads Manager,label_13108000000,186,FIN-GB-180-impression,,,,,,,
7625353314813558802,https://ads.tiktok.com/business/creativecenter/topads/7625353314813558802/pc/en,,adiantamento/empréstimo,¡Encuentra una oferta de préstamo hoy mismo!,23,0,1,0.51,baixo,kredly.mx/,MX,1,5,lead_generation/traffic,TikTok Ads Manager,label_20106000000,92,APPFIN-MX-180-ctr,,,,,,,
7462096954656342032,https://ads.tiktok.com/business/creativecenter/topads/7462096954656342032/pc/en,Auto Rate Cutter,seguros/indenizações,Save Driver Discount now available,23,5,1,0.51,médio,track.thebillshredder.com/68acd4a5656507ab32527b9d,US,1,32,conversion/lead_generation,TikTok Ads Manager,label_13102000000,222,FIN-US-180-impression,,,,,,,
7459436913943838727,https://ads.tiktok.com/business/creativecenter/topads/7459436913943838727/pc/en,BillShredder,seguros/indenizações,New Safe Driver Discount Now Available!,23,2,0,0.54,médio,trk.moneysavingmarketplace.org/cf/r/691e8eb785ad1600128b942a,US,1,36,lead_generation/conversion,TikTok Ads Manager,label_13102000000,239,FIN-US-180-impression,,,,,,,
7646379967325372436,https://ads.tiktok.com/business/creativecenter/topads/7646379967325372436/pc/en,,outros,Специально для Вас,23,0,0,0.63,baixo,,IT/PL/ES/GB/CZ/DE,6,11,lead_generation,TikTok Video Editor,label_13999000000,216,FIN-GB-180-impression,,,,,,,
7591782384610394113,https://ads.tiktok.com/business/creativecenter/topads/7591782384610394113/pc/en,,dívida/quitação,Have more than 10k in Debt? DM us to get help.,22,2,0,0.47,médio,totalsecure.typeform.com/to/AEMrTXtd,GB,1,34,lead_generation,Others,label_13108000000,28,FIN-GB-180-impression KW-debt-GB,,,,,,,
7506304840977547281,https://ads.tiktok.com/business/creativecenter/topads/7506304840977547281/pc/en,,adiantamento/empréstimo,📲Call 416-613-9828 To Finance A Vehicle Directly From Zack! . . . #zacksfastapprovals #carfinance #carloans #newcar #carupgrade #bestcardeals #carlease #financebadcredit #badcredit #goodcredit #newmarket #brampton #latepayments #mississauga #etobicoke #scarborough #richmondhill #vaughan #toronto #hamilton #ontario #fyp ,22,1,0,0.59,médio,zacksfastautoapprovals.netlify.app/,CA,1,46,lead_generation,Others,label_13109000000,131,FIN-CA-180-impression,,,,,,,
7605451004637790209,https://ads.tiktok.com/business/creativecenter/topads/7605451004637790209/pc/en,,outros,Llámenos para verificar su elegibilidad.,21,0,0,0.65,baixo,partnersimg.com/contactanos,US,1,39,traffic/lead_generation,Others,label_13102000000,254,FIN-US-180-impression,,,,,,,
7574496803253911553,https://ads.tiktok.com/business/creativecenter/topads/7574496803253911553/pc/en,,outros,✅ Skip The Sick.  joepill.com #telemedicine #waitingroom #fyp #SkipTheSick #BreakingNews ,21,0,0,0.44,médio,joepill.com/,US,1,7,lead_generation/conversion/traffic,Others,label_13102000000,259,FIN-US-180-impression,,,,,,,
7575212976010919952,https://ads.tiktok.com/business/creativecenter/topads/7575212976010919952/pc/en,,seguros/indenizações,Were you injured in a car accident?,20,4,0,0.55,médio,,US,1,27,lead_generation,TikTok Ads Manager,label_13102000000,229,FIN-US-180-impression,,,,,,,
7464642210362212368,https://ads.tiktok.com/business/creativecenter/topads/7464642210362212368/pc/en,BillShredder,seguros/indenizações,Drivers are Saving Big this month!,19,3,0,0.52,médio,trk.moneysavingmarketplace.org/cf/r/691e8eb785ad1600128b942a,US,1,28,lead_generation/conversion,TikTok Ads Manager,label_13102000000,252,FIN-US-180-impression,,,,,,,
7464641090718826513,https://ads.tiktok.com/business/creativecenter/topads/7464641090718826513/pc/en,BillShredder,seguros/indenizações,New Safe Driver Discount Now Available!,19,2,0,0.61,baixo,trk.moneysavingmarketplace.org/cf/r/691e8eb785ad1600128b942a,US,1,28,lead_generation/conversion,TikTok Ads Manager,label_13102000000,258,FIN-US-180-impression,,,,,,,
7462096945293705217,https://ads.tiktok.com/business/creativecenter/topads/7462096945293705217/pc/en,Auto Rate Cutter,seguros/indenizações,Drivers are Saving Big this month!,18,2,0,0.6,médio,track.thebillshredder.com/68acd4a5656507ab32527b9d,US,1,28,conversion/lead_generation,TikTok Ads Manager,label_13102000000,232,FIN-US-180-impression,,,,,,,
7425834196680884225,https://ads.tiktok.com/business/creativecenter/topads/7425834196680884225/pc/en,,adiantamento/empréstimo,Do you have bad credit for years and you have done anything about it? Call Credit Mend Australia today on 1300425610. - - #equifax #equifaxcreditrepair #creditrepair #creditrestoration #credit #creditscore #creditrepairservices #finance #financebrokersaustralia #mortgagebroker #mortgagebrokers #fixbadcreditscore #carloan #carfinance #mortgage #mortgagebroker #creditrepair #creditscore #creditmendaustralia,18,2,1,0.67,baixo,,AU,1,35,lead_generation,Others,label_13108000000,128,FIN-AU-180-impression,,,,,,,
7388849294461599761,https://ads.tiktok.com/business/creativecenter/topads/7388849294461599761/pc/en,ZACar,adiantamento/empréstimo,See If You Qualify for a Used Car Loan,17,0,0,0.66,baixo,wv7g2c.mlbzzrsgr.com/,FR/US/ZA,3,13,conversion,TikTok Ads Manager,label_13109000000,275,FIN-US-180-impression,,,,,,,
7413988306595266576,https://ads.tiktok.com/business/creativecenter/topads/7413988306595266576/pc/en,,seguros/indenizações,"Can I sue if I’ve been in a road accident?   Tell us what happened and we’ll give you your legal options – no fee, no obligation.   Contact us today. #canisue #workcover #worksafe #personalinjurylaw #viclaw #nowinnofee #TAC",17,1,0,0.6,médio,canisue.com.au/road-accidents/,AU,1,53,lead_generation,Others,label_13102000000,124,FIN-AU-180-impression,,,,,,,
7591791943890944007,https://ads.tiktok.com/business/creativecenter/topads/7591791943890944007/pc/en,,dívida/quitação,Have more than 20k in Debt? DM us to get help.,16,0,0,0.56,médio,totalsecure.typeform.com/to/AEMrTXtd,GB,1,13,lead_generation,Others,label_13108000000,34,FIN-GB-180-impression KW-debt-GB,,,,,,,
7485284448672022544,https://ads.tiktok.com/business/creativecenter/topads/7485284448672022544/pc/en,Roof repair,outros,learn more,16,0,1,0.65,baixo,soanyresult.com/sic/2717de216913c5b70e5b10a612ca6153,US,1,12,conversion,TikTok Ads Manager,label_13102000000,261,FIN-US-180-impression,,,,,,,
7634555424092831764,https://ads.tiktok.com/business/creativecenter/topads/7634555424092831764/pc/en,,outros,Decision in Minutes,16,0,0,0.71,baixo,apply.carfinance4u.com/,GB,1,32,lead_generation,TikTok Ads Manager,label_13111000000,204,FIN-GB-180-impression,,,,,,,
7462540849982160897,https://ads.tiktok.com/business/creativecenter/topads/7462540849982160897/pc/en,BillShredder,seguros/indenizações,Drivers are Saving Big this month!,15,6,3,0.56,médio,track.thebillshredder.com/68acd4a5656507ab32527b9d,US,1,31,lead_generation/conversion,TikTok Ads Manager,label_13102000000,235,FIN-US-180-impression,,,,,,,
7400205265965842448,https://ads.tiktok.com/business/creativecenter/topads/7400205265965842448/pc/en,,dívida/quitação,"Do You have a bad credit History? Look no further, call us, Today on ☎️1300 425 610 - - - #creditrepair  #mortgagebrokers #fixbadcreditscore #carloan #carfinance #mortgage #mortgagebroker #defaultremoval #debtfree #debtmanagement #badcreditloans #badcredit #badcreditproblems #creditrepair #creditreport #equifax #equifaxcreditrepair #creditrepair #creditrestoration #credit #creditscore #creditrepairservices #finance #financebrokersaustralia #mortgagebroker ",15,1,0,0.68,baixo,,AU,1,42,lead_generation,Others,label_13108000000,132,FIN-AU-180-impression,,,,,,,
7298129177462620161,https://ads.tiktok.com/business/creativecenter/topads/7298129177462620161/pc/en,House Of MyOwn,investimento/aposentadoria,Buy A Investment Property Without Savings!,14,3,0,0.6,médio,main3.houseofmyown.com/,AU,1,9,lead_generation,TikTok Ads Manager,label_13999000000,117,FIN-AU-180-impression,,,,,,,
7400205297568350224,https://ads.tiktok.com/business/creativecenter/topads/7400205297568350224/pc/en,,dívida/quitação,"Are you looking for a credit repair company with a track record? Look no further, call us, Today on ☎️1300 425 610 - - - #creditrepair  #mortgagebrokers #fixbadcreditscore #carloan #carfinance #mortgage #mortgagebroker #defaultremoval #debtfree #debtmanagement #badcreditloans #badcredit #badcreditproblems #creditrepair #creditreport #equifax #equifaxcreditrepair #creditrepair #creditrestoration #credit #creditscore #creditrepairservices #finance #financebrokersaustralia #mortgagebroker ",14,1,1,0.74,baixo,,AU,1,41,lead_generation,Others,label_13108000000,134,FIN-AU-180-impression,,,,,,,
7485284474319224848,https://ads.tiktok.com/business/creativecenter/topads/7485284474319224848/pc/en,Roof repair,outros,learn more,13,1,0,0.62,baixo,soanyresult.com/sic/2717de216913c5b70e5b10a612ca6153,US,1,12,conversion,TikTok Ads Manager,label_13102000000,257,FIN-US-180-impression,,,,,,,
7646361979959017480,https://ads.tiktok.com/business/creativecenter/topads/7646361979959017480/pc/en,,outros,Спешите воспользоваться своим шансом!,13,0,3,0.68,baixo,biniko.site/RsyW6VY2,BE/IT/AT/DE/NL/DK/FR/SE/ES/IE/PT/NO/GB/HU/CH/FI,16,35,lead_generation,TikTok Ads Manager,label_13999000000,221,FIN-GB-180-impression,,,,,,,
7508548010209918993,https://ads.tiktok.com/business/creativecenter/topads/7508548010209918993/pc/en,,outros,"Give more this Qurban—share love, dignity & hope with a meal. Donate now irau.co/qurban",13,0,0,0.69,baixo,islamicrelief.org.au/our-work/islamic-giving/qurban/,AU,1,27,reach,TikTok Ads Manager,label_13115000000,105,FIN-AU-180-impression,,,,,,,
7488823644904423442,https://ads.tiktok.com/business/creativecenter/topads/7488823644904423442/pc/en,OnlyFunds,investimento/aposentadoria,Where Influencers Invest: Don't miss out on making your money work for you.,12,0,0,0.67,baixo,apps.apple.com/us/app/onlyfunds/id6759209678,US,1,29,reach,Others,label_13110000000,210,FIN-US-180-impression,,,,,,,
7666013855454101524,https://ads.tiktok.com/business/creativecenter/topads/7666013855454101524/pc/en,$20k+ to $200k,adiantamento/empréstimo,"Loan Options: Explore Amounts from $20,000+",12,0,1,0.12,médio,lnding.com/,US,1,13,lead_generation,TikTok Ads Manager,label_13111000000,270,FIN-US-180-impression,,,,,,,
7655535661642448914,https://ads.tiktok.com/business/creativecenter/topads/7655535661642448914/pc/en,,adiantamento/empréstimo,Get your assistance now!,12,4,2,0.52,médio,sparkcredit.caloan.ca/tt4,CA,1,49,lead_generation,TikTok Ads Manager,label_13109000000,141,FIN-CA-180-impression,,,,,,,
7617651458041118728,https://ads.tiktok.com/business/creativecenter/topads/7617651458041118728/pc/en,,outros,Check If You Qualify,12,1,1,0.74,baixo,quiz.grantbuddy.com.au/,AU,1,80,lead_generation,TikTok Ads Manager,label_13999000000,133,FIN-AU-180-impression,,,,,,,
7491765471667503122,https://ads.tiktok.com/business/creativecenter/topads/7491765471667503122/pc/en,Revival Credit,outros,Credit holding you back? Let’s build a plan to get you moving forward.,11,0,0,0.7,baixo,,US,1,13,lead_generation,TikTok Ads Manager,label_13999000000,274,FIN-US-180-impression,,,,,,,
7623376501027602450,https://ads.tiktok.com/business/creativecenter/topads/7623376501027602450/pc/en,,outros,I didn't believe it until I tested this!!,11,0,0,0.55,baixo,trakly.click/cf/r/6a71ae3b4e699800125b41fd,US,1,12,lead_generation,TikTok Video Editor,label_13102000000,310,FIN-US-180-impression,,,,,,,
7616693433101008914,https://ads.tiktok.com/business/creativecenter/topads/7616693433101008914/pc/en,,outros,Get an RV for $1/day AND up to $400 gas reimbursed!,10,1,7,0.22,médio,www.imoova.com/en/relocations/usa,US,1,61,conversion,TikTok Ads Manager,label_13999000000,281,FIN-US-180-impression,,,,,,,
7551719913883697159,https://ads.tiktok.com/business/creativecenter/topads/7551719913883697159/pc/en,,adiantamento/empréstimo,"Looking for a loan? Borrow £100–£10,000. Representative 79.5% APR.",10,0,0,0.68,baixo,www.little-loans.com//,GB,1,30,traffic,TikTok Ads Manager,label_13109000000,215,FIN-GB-180-impression,,,,,,,
7308733161650946050,https://ads.tiktok.com/business/creativecenter/topads/7308733161650946050/pc/en,,dívida/quitação,Do you have a bad credit history? Call Credit Mend Australia Today on 1300 425 610. Have you been turned down for finance and referred to Equifax? ☎️ 1300 425 610 📲 0414 000 165 📩 info@creditmend.com.au 🌐 www.creditmend.com.au - - - - #creditrepair #debtfree  #debtmanagement #badcreditloans #badcredit #badcreditproblems #creditrepair #creditreport #equifax #equifaxcreditrepair #creditrepair #creditrestoration #credit #creditscore #creditrepairservices #finance #financebrokersaustralia #mortgagebroker ,10,2,0,0.66,baixo,,AU,1,37,lead_generation,Others,label_13108000000,131,FIN-AU-180-impression,,,,,,,
7462540820899807233,https://ads.tiktok.com/business/creativecenter/topads/7462540820899807233/pc/en,BillShredder,seguros/indenizações,New Safe Driver Discount Now Available!,9,4,0,0.74,baixo,track.thebillshredder.com/68acd4a5656507ab32527b9d,US,1,32,lead_generation,TikTok Ads Manager,label_13102000000,262,FIN-US-180-impression,,,,,,,
7670744219515420693,https://ads.tiktok.com/business/creativecenter/topads/7670744219515420693/pc/en,,adiantamento/empréstimo,Are you a key worker? Spending more on bus fares than you would on your own car? We could help!,9,0,1,0.61,baixo,apply.carloans365.com/apply-now-11/,GB,1,28,lead_generation,TikTok Ads Manager,label_13111000000,217,FIN-GB-180-impression,,,,,,,
7625886395983003668,https://ads.tiktok.com/business/creativecenter/topads/7625886395983003668/pc/en,,dívida/quitação,"Cuida tu dinero, una deuda médica puede dejarte sin ahorros... Aplica hoy!",8,0,0,0.56,baixo,,US,1,43,traffic/lead_generation,TikTok Ads Manager,label_13999000000,267,FIN-US-180-impression,,,,,,,
7622139655623311361,https://ads.tiktok.com/business/creativecenter/topads/7622139655623311361/pc/en,,seguros/indenizações,Get up to €600 of compensation per passenger!,8,8,0,0.72,baixo,form.refly.org/claim/,HU/CZ/ES/FI/IE/NO/AT/BE/FR/GR/SE/IT/DE/PL/DK/NL/RO/CH/GB/PT,20,39,lead_generation,TikTok Ads Manager,label_13999000000,190,FIN-GB-180-impression,,,,,,,
7443161551550464001,https://ads.tiktok.com/business/creativecenter/topads/7443161551550464001/pc/en,,adiantamento/empréstimo,"49.5% rep APR (variable), we’re a broker, not a lender. ",8,0,1,0.63,baixo,collectloan.co.uk/tt,GB,1,21,conversion,Others,label_13109000000,213,FIN-GB-180-impression,,,,,,,
7655534215048724487,https://ads.tiktok.com/business/creativecenter/topads/7655534215048724487/pc/en,,adiantamento/empréstimo,Get your assistance now!,8,0,0,0.63,baixo,sparkcredit.caloan.ca/tt4,CA,1,47,lead_generation,TikTok Ads Manager,label_13109000000,143,FIN-CA-180-impression,,,,,,,
7542430612708655111,https://ads.tiktok.com/business/creativecenter/topads/7542430612708655111/pc/en,Vanguard Investing,investimento/aposentadoria,Vanguard Investment empowers you to achieve your financial goals with low-cost,7,1,0,0.79,baixo,nextvisiontech.online/vanguard-investment/,US,1,9,traffic,TikTok Ads Manager,label_13999000000,253,FIN-US-180-impression,,,,,,,
7491766939010990087,https://ads.tiktok.com/business/creativecenter/topads/7491766939010990087/pc/en,REVIVAL CREDIT,outros,Call DJ 9708001540 www.revivalpros.com,7,0,3,0.63,baixo,,US,1,27,lead_generation,TikTok Ads Manager,label_13999000000,279,FIN-US-180-impression,,,,,,,
7541069454224424967,https://ads.tiktok.com/business/creativecenter/topads/7541069454224424967/pc/en,BillShredder,seguros/indenizações,Drivers are Saving Big this month!,7,2,0,0.72,baixo,trk.moneysavingmarketplace.org/cf/r/691e8eb785ad1600128b942a,US,1,26,lead_generation,TikTok Ads Manager,label_13102000000,284,FIN-US-180-impression,,,,,,,
7613591850868604946,https://ads.tiktok.com/business/creativecenter/topads/7613591850868604946/pc/en,,outros,Is Today Your New Car Day? Apply Now...,7,0,0,0.8,baixo,greenlightcarfinance.com/tt-ac/,GB,1,59,lead_generation,TikTok Ads Manager,label_13109000000,219,FIN-GB-180-impression,,,,,,,
7651589117478928391,https://ads.tiktok.com/business/creativecenter/topads/7651589117478928391/pc/en,,outros,Спешите воспользоваться своим шансом!,7,0,0,0.64,baixo,ducewi.site/1RcWBf8Q,FR/FI/DK/DE/IT/NL/HU/AT/PT/NO/GB/IE/BE/SE/CH/ES,16,8,lead_generation,TikTok Ads Manager,label_13999000000,220,FIN-GB-180-impression,,,,,,,
7659254900908474376,https://ads.tiktok.com/business/creativecenter/topads/7659254900908474376/pc/en,,adiantamento/empréstimo,Quick Approval: No Waiting Required for Your Loan!,7,0,0,0.58,baixo,www.flashmoney.com.au/,AU,1,16,traffic,TikTok Ads Manager,label_13111000000,127,FIN-AU-180-impression,,,,,,,
7591786965780054024,https://ads.tiktok.com/business/creativecenter/topads/7591786965780054024/pc/en,,dívida/quitação,Have more than 20k in Debt? DM us to get help.,6,0,0,0.63,médio,totalsecure.typeform.com/to/otOx2M8i,GB,1,39,lead_generation,Others,label_13108000000,39,FIN-GB-180-impression KW-debt-GB,,,,,,,
7464641452104122369,https://ads.tiktok.com/business/creativecenter/topads/7464641452104122369/pc/en,BillShredder,seguros/indenizações,New Safe Driver Discount Now Available!,6,5,0,0.8,baixo,trk.moneysavingmarketplace.org/cf/r/691e8eb785ad1600128b942a,US,1,28,lead_generation/conversion,TikTok Ads Manager,label_13102000000,277,FIN-US-180-impression,,,,,,,
7611756294911000592,https://ads.tiktok.com/business/creativecenter/topads/7611756294911000592/pc/en,,seguros/indenizações,Get up to €600 of compensation per passenger!,6,1,0,0.72,baixo,form.refly.org/en-gb/claim/,GB/BD/PH/QA/AU/IQ/TR/AR/IT/LK/KR/BE/EG/IE/NL/CZ/JP/MY/FI/GR/SG/BO/NZ/MA/RO/BY/PK/KE/VN/NG/ZA/PY/AE/BH/CR/CA/KH/DK/DO/FR/IL/LB/DZ/PT/SA/GT/KW/DE/CH/ID/ES/TH/AZ/OM/KZ/AT/PA/SE/PL/NO/UA/UY/HU,63,52,lead_generation,TikTok Ads Manager,label_13102000000,126,FIN-AU-180-impression FIN-CA-180-impression FIN-GB-180-impression,,,,,,,
7591638974943330321,https://ads.tiktok.com/business/creativecenter/topads/7591638974943330321/pc/en,,seguros/indenizações,"If you have experienced an injury as a result of someone else's negligence, you could be entitled to sue. Find out your legal options today. #MedicalNegligence #PublicLiability #WorkCover #TAC #VicLaw #CanISue",6,0,0,0.69,baixo,canisue.com.au/,AU,1,22,lead_generation/traffic,Others,label_13102000000,130,FIN-AU-180-impression,,,,,,,
7542430515728121864,https://ads.tiktok.com/business/creativecenter/topads/7542430515728121864/pc/en,Vanguard Investing,investimento/aposentadoria,Vanguard Investment empowers you to achieve your financial goals with low-cost,5,2,0,0.74,baixo,nextvisiontech.online/vanguard-investment/,US,1,11,traffic,TikTok Ads Manager,label_13999000000,268,FIN-US-180-impression,,,,,,,
7462540804214358017,https://ads.tiktok.com/business/creativecenter/topads/7462540804214358017/pc/en,Auto Rate Cutter,seguros/indenizações,New Safe Driver Discount Now Available!,5,1,0,0.71,baixo,track.thebillshredder.com/68acd4a5656507ab32527b9d,US,1,31,lead_generation/conversion,TikTok Ads Manager,label_13102000000,282,FIN-US-180-impression,,,,,,,
7464641185887764496,https://ads.tiktok.com/business/creativecenter/topads/7464641185887764496/pc/en,BillShredder,seguros/indenizações,New Safe Driver Discount Now Available!,5,0,0,0.73,baixo,trk.moneysavingmarketplace.org/cf/r/691e8eb785ad1600128b942a,US,1,28,lead_generation/conversion,TikTok Ads Manager,label_13102000000,290,FIN-US-180-impression,,,,,,,
7685678171735867412,https://ads.tiktok.com/business/creativecenter/topads/7685678171735867412/pc/en,,adiantamento/empréstimo, Stop applying directly to lenders. There's a smarter way with Spark Credit. Check your province.,5,0,0,0.79,baixo,sparkcredit.caloan.ca/tt4,CA,1,54,lead_generation,TikTok Ads Manager,label_13109000000,148,FIN-CA-180-impression,,,,,,,
7610164327099170832,https://ads.tiktok.com/business/creativecenter/topads/7610164327099170832/pc/en,,adiantamento/empréstimo,"Fixed Rate Loans Starting at $20,000",4,0,0,0.51,médio,unsecuredsolution.com/,US,1,24,lead_generation,TikTok Ads Manager,label_13109000000,283,FIN-US-180-impression,,,,,,,
7651587326779523090,https://ads.tiktok.com/business/creativecenter/topads/7651587326779523090/pc/en,,outros,Спешите воспользоваться своим шансом!,4,0,0,0.63,baixo,ducewi.site/1RcWBf8Q,DK/NL/HU/FR/CH/NO/IT/DE/GB/PT/AT/BE/SE/FI/IE/ES,16,7,lead_generation,TikTok Ads Manager,label_13999000000,223,FIN-GB-180-impression,,,,,,,
7634386167865524242,https://ads.tiktok.com/business/creativecenter/topads/7634386167865524242/pc/en,,outros,"Mine says go subbie? Truck, kit, ABN, finance — sorted in 7 days. Perth FIFO contractors only.",4,0,0,0.6,baixo,,AU,1,12,lead_generation,TikTok Ads Manager,label_13999000000,135,FIN-AU-180-impression,,,,,,,
7032290400945815554,https://ads.tiktok.com/business/creativecenter/topads/7032290400945815554/pc/en,,outros,Download WAC today! It’s totally Free with no hidden costs! #moneysaving #WAC #fypシ #foryoupage,3,0,0,0.55,baixo,,GB,1,26,app_install,Others,label_20106000000,1,APPFIN-GB-30-ctr APPFIN-GB-30-impression APPFIN-GB-30-like,,,,,,,
7533348292521082881,https://ads.tiktok.com/business/creativecenter/topads/7533348292521082881/pc/en,,outros,"💳 Your credit is the #1 financial tool – it can either build your future or hold you back. 🚀 We help you take control, fix what’s broken, and unlock the life you deserve. 👉 Let us show you how powerful great credit can be!@Billy Carson @justinthevisionary @Gven Sariol @Les Brown ",3,0,2,0.68,baixo,,US,1,49,lead_generation/reach,Others,label_13108000000,304,FIN-US-180-impression,,,,,,,
7622139715000844304,https://ads.tiktok.com/business/creativecenter/topads/7622139715000844304/pc/en,,seguros/indenizações,Get up to €600 of compensation per passenger!,3,6,1,0.74,baixo,form.refly.org/claim/,HU/CZ/ES/FI/IE/NO/AT/BE/FR/GR/SE/IT/DE/PL/DK/NL/RO/CH/GB/PT,20,38,lead_generation,TikTok Ads Manager,label_13999000000,201,FIN-GB-180-impression,,,,,,,
7616398939289698311,https://ads.tiktok.com/business/creativecenter/topads/7616398939289698311/pc/en,,outros,Raising Kids on one paycheque? You may qualify for this,3,0,0,0.75,baixo,trk.canadianliferates.ca/49558572-0d64-450e-9720-d8393fe51246,CA,1,33,conversion,TikTok Ads Manager,label_13102000000,144,FIN-CA-180-impression,,,,,,,
7543279361052917767,https://ads.tiktok.com/business/creativecenter/topads/7543279361052917767/pc/en,BillShredder,seguros/indenizações,Drivers are Saving Big this month!,2,0,0,0.82,baixo,track.thebillshredder.com/68acd4a5656507ab32527b9d,US,1,24,lead_generation,TikTok Ads Manager,label_13102000000,276,FIN-US-180-impression,,,,,,,
7541069891638607879,https://ads.tiktok.com/business/creativecenter/topads/7541069891638607879/pc/en,BillShredder,seguros/indenizações,New Safe Driver Discount Now Available!,2,0,0,0.7,baixo,trk.moneysavingmarketplace.org/cf/r/691e8eb785ad1600128b942a,US,1,26,lead_generation,TikTok Ads Manager,label_13102000000,291,FIN-US-180-impression,,,,,,,
7642970381281280008,https://ads.tiktok.com/business/creativecenter/topads/7642970381281280008/pc/en,,outros,Check your eligibility now.,2,0,0,0.7,baixo,rewarding.info/,US,1,16,traffic,TikTok Ads Manager,label_13999000000,293,FIN-US-180-impression,,,,,,,
7618045237533769746,https://ads.tiktok.com/business/creativecenter/topads/7618045237533769746/pc/en,$20k+ to $200k,dívida/quitação,"Fixed Rate Loans Starting at $20,000",2,0,0,0.61,baixo,us4funding.com/debt-consolidation-5/,US,1,32,lead_generation,TikTok Ads Manager,label_13109000000,303,FIN-US-180-impression,,,,,,,
7636151115512545298,https://ads.tiktok.com/business/creativecenter/topads/7636151115512545298/pc/en,,adiantamento/empréstimo,"Fixed Rate Loans Starting at $20,000",2,0,0,0.5,médio,lnding.com/,US,1,29,lead_generation,TikTok Ads Manager,label_13109000000,308,FIN-US-180-impression,,,,,,,
7666015960022122517,https://ads.tiktok.com/business/creativecenter/topads/7666015960022122517/pc/en,,adiantamento/empréstimo,"Loan Options: Explore Amounts from $20,000+",2,0,0,0.46,baixo,lnding.com/,US,1,16,lead_generation,TikTok Ads Manager,label_13111000000,309,FIN-US-180-impression,,,,,,,
7636360213671526407,https://ads.tiktok.com/business/creativecenter/topads/7636360213671526407/pc/en,,outros,Take 30 seconds!!,2,0,0,0.97,baixo,trakly.click/cf/r/69cf4edbfe3ad3001282050d,US,1,24,lead_generation,TikTok Ads Manager,label_13102000000,312,FIN-US-180-impression,,,,,,,
7628569309732618258,https://ads.tiktok.com/business/creativecenter/topads/7628569309732618258/pc/en,,outros,Check Your Eligibility,2,0,0,0.97,baixo,trakly.click/cf/r/69b7ee424cc60600128707aa,US,1,11,lead_generation,TikTok Ads Manager,label_13102000000,313,FIN-US-180-impression,,,,,,,
7611756408908316689,https://ads.tiktok.com/business/creativecenter/topads/7611756408908316689/pc/en,,seguros/indenizações,Get up to €600 of compensation per passenger!,2,14,0,0.75,baixo,form.refly.org/en-gb/claim/,GB/BD/PH/QA/AU/IQ/TR/AR/IT/LK/KR/BE/EG/IE/NL/CZ/JP/MY/FI/GR/SG/BO/NZ/MA/RO/BY/PK/KE/VN/NG/ZA/PY/AE/BH/CR/CA/KH/DK/DO/FR/IL/LB/DZ/PT/SA/GT/KW/DE/CH/ID/ES/TH/AZ/OM/KZ/AT/PA/SE/PL/NO/UA/UY/HU,63,52,lead_generation,TikTok Ads Manager,label_13102000000,123,FIN-AU-180-impression FIN-CA-180-impression FIN-GB-180-impression,,,,,,,
7622139700107296784,https://ads.tiktok.com/business/creativecenter/topads/7622139700107296784/pc/en,,seguros/indenizações,Get up to €600 of compensation per passenger!,2,8,0,0.8,baixo,form.refly.org/claim/,HU/CZ/ES/FI/IE/NO/AT/BE/FR/GR/SE/IT/DE/PL/DK/NL/RO/CH/GB/PT,20,36,lead_generation,TikTok Ads Manager,label_13999000000,211,FIN-GB-180-impression,,,,,,,
7658231420297232392,https://ads.tiktok.com/business/creativecenter/topads/7658231420297232392/pc/en,,adiantamento/empréstimo,Get Assistance Up to 50k$ hardship Funding Available now!,2,0,0,0.85,baixo,sparkcredit.caloan.ca/tt3,CA,1,52,lead_generation,TikTok Ads Manager,label_13109000000,152,FIN-CA-180-impression,,,,,,,
7685678984848474133,https://ads.tiktok.com/business/creativecenter/topads/7685678984848474133/pc/en,,adiantamento/empréstimo,See what funding you qualify for without going to a single lender. Check your province now.,2,0,0,0.89,baixo,sparkcredit.caloan.ca/tt4,CA,1,47,lead_generation,TikTok Ads Manager,label_13109000000,153,FIN-CA-180-impression,,,,,,,
7655533283452108808,https://ads.tiktok.com/business/creativecenter/topads/7655533283452108808/pc/en,,adiantamento/empréstimo,Get your assistance now!,2,0,0,0.84,baixo,sparkcredit.caloan.ca/tt4,CA,1,38,lead_generation,TikTok Ads Manager,label_13109000000,157,FIN-CA-180-impression,,,,,,,
7462541052345139201,https://ads.tiktok.com/business/creativecenter/topads/7462541052345139201/pc/en,Auto Rate Cutter,seguros/indenizações,Drivers are Saving Big this month!,1,1,0,0.8,baixo,track.thebillshredder.com/68acd4a5656507ab32527b9d,US,1,31,lead_generation/conversion,TikTok Ads Manager,label_13102000000,286,FIN-US-180-impression,,,,,,,
7541069717873934354,https://ads.tiktok.com/business/creativecenter/topads/7541069717873934354/pc/en,BillShredder,seguros/indenizações,Drivers are Saving Big this month!,1,1,0,0.82,baixo,trk.moneysavingmarketplace.org/cf/r/691e8eb785ad1600128b942a,US,1,26,lead_generation,TikTok Ads Manager,label_13102000000,295,FIN-US-180-impression,,,,,,,
7541069642845732882,https://ads.tiktok.com/business/creativecenter/topads/7541069642845732882/pc/en,BillShredder,seguros/indenizações,New Safe Driver Discount Now Available!,1,0,0,0.83,baixo,trk.moneysavingmarketplace.org/cf/r/691e8eb785ad1600128b942a,US,1,26,lead_generation,TikTok Ads Manager,label_13102000000,301,FIN-US-180-impression,,,,,,,
7628570936488837127,https://ads.tiktok.com/business/creativecenter/topads/7628570936488837127/pc/en,,outros,Check Your Eligibility,1,0,1,0.71,baixo,trakly.click/cf/r/69b7ee424cc60600128707aa,US,1,11,lead_generation,TikTok Ads Manager,label_13102000000,314,FIN-US-180-impression,,,,,,,
7565602650600898567,https://ads.tiktok.com/business/creativecenter/topads/7565602650600898567/pc/en,,outros,See if you could lower what you pay each month!,1,0,0,0.72,baixo,,GB,1,34,lead_generation,TikTok Ads Manager,label_13999000000,218,FIN-GB-180-impression,,,,,,,
7634553582962016276,https://ads.tiktok.com/business/creativecenter/topads/7634553582962016276/pc/en,,outros,Decision in Minutes,1,0,0,0.78,baixo,apply.carfinance4u.com/,GB,1,33,lead_generation,TikTok Ads Manager,label_13111000000,224,FIN-GB-180-impression,,,,,,,
7685678788760125460,https://ads.tiktok.com/business/creativecenter/topads/7685678788760125460/pc/en,,adiantamento/empréstimo,Skip the hard pull. Spark Credit matches you with 1000+ lenders. Check your province now.,1,0,0,0.71,baixo,sparkcredit.caloan.ca/tt4,CA,1,43,lead_generation,TikTok Ads Manager,label_13109000000,147,FIN-CA-180-impression,,,,,,,
7633648763169931265,https://ads.tiktok.com/business/creativecenter/topads/7633648763169931265/pc/en,,orçamento/planilha/controle de gastos,Rentrer en Algérie ? Calcule ton budget en 2 min + checklist perso. 100% gratuit,1,0,0,0.58,baixo,mybledi.com/calculateur,FR/CH/BE/CA,4,49,conversion/traffic,Others,label_13999000000,158,FIN-CA-180-impression,,,,,,,
7684204860049342485,https://ads.tiktok.com/business/creativecenter/topads/7684204860049342485/pc/en,,adiantamento/empréstimo,Need Help? We're Here to Assist You!,1,1,0,0.73,baixo,sparkcredit.caloan.ca/tt2,CA,1,22,lead_generation,TikTok Ads Manager,label_13109000000,159,FIN-CA-180-impression,,,,,,,
7684203697719033876,https://ads.tiktok.com/business/creativecenter/topads/7684203697719033876/pc/en,,adiantamento/empréstimo,Need Help? We're Here to Assist You!,1,0,0,0.79,baixo,sparkcredit.caloan.ca/tt2,CA,1,15,lead_generation,TikTok Ads Manager,label_13109000000,160,FIN-CA-180-impression,,,,,,,
7634623079000424466,https://ads.tiktok.com/business/creativecenter/topads/7634623079000424466/pc/en,,seguros/indenizações,Cruise plans? Get covered.,0,0,0,0.78,baixo,www.insuremytrip.com/,US,1,27,traffic,TikTok Ads Manager,label_13102000000,316,FIN-US-180-impression,,,,,,,
7626338438119882772,https://ads.tiktok.com/business/creativecenter/topads/7626338438119882772/pc/en,,outros,take 30 seconds!!,0,0,0,0.97,baixo,trakly.click/cf/r/69cf4edbfe3ad3001282050d,US,1,46,lead_generation,TikTok Ads Manager,label_13102000000,317,FIN-US-180-impression,,,,,,,
7647086039677911058,https://ads.tiktok.com/business/creativecenter/topads/7647086039677911058/pc/en,,outros,Специально для Вас,0,0,0,0.84,baixo,,DE/IT/ES/GB,4,11,lead_generation,TikTok Video Editor,label_13999000000,228,FIN-GB-180-impression,,,,,,,
7685679726259929108,https://ads.tiktok.com/business/creativecenter/topads/7685679726259929108/pc/en,,adiantamento/empréstimo, Going through a hardship? There's help available. Check if your province qualifies.,0,0,0,0.81,baixo,sparkcredit.caloan.ca/tt4,CA,1,51,lead_generation,TikTok Ads Manager,label_13109000000,151,FIN-CA-180-impression,,,,,,,
7655535371874729992,https://ads.tiktok.com/business/creativecenter/topads/7655535371874729992/pc/en,,adiantamento/empréstimo,Get your assistance now!,0,0,0,0.98,baixo,sparkcredit.caloan.ca/tt4,CA,1,12,lead_generation,TikTok Ads Manager,label_13109000000,156,FIN-CA-180-impression,,,,,,,
7684204761324306452,https://ads.tiktok.com/business/creativecenter/topads/7684204761324306452/pc/en,,adiantamento/empréstimo,Need Help? We're Here to Assist You!,0,0,0,0.9,baixo,sparkcredit.caloan.ca/tt2,CA,1,23,lead_generation,TikTok Ads Manager,label_13109000000,161,FIN-CA-180-impression,,,,,,,
7684204109923008532,https://ads.tiktok.com/business/creativecenter/topads/7684204109923008532/pc/en,,adiantamento/empréstimo,Need Help? We're Here to Assist You!,0,0,0,0.9,baixo,sparkcredit.caloan.ca/tt2,CA,1,13,lead_generation,TikTok Ads Manager,label_13109000000,162,FIN-CA-180-impression,,,,,,,
7303820311718477825,https://ads.tiktok.com/business/creativecenter/topads/7303820311718477825/pc/en,,outros,@Rpmfinance ,0,0,0,0.99,baixo,,AU,1,49,lead_generation,Others,label_13108000000,140,FIN-AU-180-impression,,,,,,,
